Price,QQQ
Ticker,QQQ
Datetime,
2024-01-02 14:30:00+00:00,402.6401062011719
2024-01-02 15:30:00+00:00,403.55999755859375
2024-01-02 16:30:00+00:00,403.5199890136719
2024-01-02 17:30:00+00:00,402.8599853515625
2024-01-02 18:30:00+00:00,402.0799865722656
2024-01-02 19:30:00+00:00,400.7699890136719
2024-01-02 20:30:00+00:00,402.57000732421875
2024-01-03 14:30:00+00:00,399.25
2024-01-03 15:30:00+00:00,399.5199890136719
2024-01-03 16:30:00+00:00,399.260009765625
2024-01-03 17:30:00+00:00,399.4849853515625
2024-01-03 18:30:00+00:00,400.17999267578125
2024-01-03 19:30:00+00:00,398.7799987792969
2024-01-03 20:30:00+00:00,398.3349914550781
2024-01-04 14:30:00+00:00,397.760009765625
2024-01-04 15:30:00+00:00,399.1499938964844
2024-01-04 16:30:00+00:00,398.1700134277344
2024-01-04 17:30:00+00:00,398.0
2024-01-04 18:30:00+00:00,397.1000061035156
2024-01-04 19:30:00+00:00,397.2300109863281
2024-01-04 20:30:00+00:00,396.239990234375
2024-01-05 14:30:00+00:00,398.5899963378906
2024-01-05 15:30:00+00:00,398.1199035644531
2024-01-05 16:30:00+00:00,396.639892578125
2024-01-05 17:30:00+00:00,396.989990234375
2024-01-05 18:30:00+00:00,397.1300048828125
2024-01-05 19:30:00+00:00,395.7200012207031
2024-01-05 20:30:00+00:00,396.7699890136719
2024-01-08 14:30:00+00:00,401.1000061035156
2024-01-08 15:30:00+00:00,401.2799987792969
2024-01-08 16:30:00+00:00,402.1449890136719
2024-01-08 17:30:00+00:00,402.8349914550781
2024-01-08 18:30:00+00:00,403.8699951171875
2024-01-08 19:30:00+00:00,404.42999267578125
2024-01-08 20:30:00+00:00,405.0
2024-01-09 14:30:00+00:00,403.30999755859375
2024-01-09 15:30:00+00:00,404.5675048828125
2024-01-09 16:30:00+00:00,405.68121337890625
2024-01-09 17:30:00+00:00,405.77130126953125
2024-01-09 18:30:00+00:00,405.42999267578125
2024-01-09 19:30:00+00:00,405.6600036621094
2024-01-09 20:30:00+00:00,405.7900085449219
2024-01-10 14:30:00+00:00,406.5199890136719
2024-01-10 15:30:00+00:00,406.7049865722656
2024-01-10 16:30:00+00:00,407.2900085449219
2024-01-10 17:30:00+00:00,407.6300048828125
2024-01-10 18:30:00+00:00,408.7499084472656
2024-01-10 19:30:00+00:00,408.44500732421875
2024-01-10 20:30:00+00:00,408.5400085449219
2024-01-11 14:30:00+00:00,407.57000732421875
2024-01-11 15:30:00+00:00,405.2699890136719
2024-01-11 16:30:00+00:00,405.010009765625
2024-01-11 17:30:00+00:00,407.42999267578125
2024-01-11 18:30:00+00:00,408.8999938964844
2024-01-11 19:30:00+00:00,408.8900146484375
2024-01-11 20:30:00+00:00,409.3399963378906
2024-01-12 14:30:00+00:00,409.4200134277344
2024-01-12 15:30:00+00:00,409.79998779296875
2024-01-12 16:30:00+00:00,408.8800048828125
2024-01-12 17:30:00+00:00,409.5
2024-01-12 18:30:00+00:00,409.58990478515625
2024-01-12 19:30:00+00:00,409.1300048828125
2024-01-12 20:30:00+00:00,409.55999755859375
2024-01-16 14:30:00+00:00,410.1099853515625
2024-01-16 15:30:00+00:00,410.17999267578125
2024-01-16 16:30:00+00:00,408.3599853515625
2024-01-16 17:30:00+00:00,408.8599853515625
2024-01-16 18:30:00+00:00,407.69000244140625
2024-01-16 19:30:00+00:00,408.5799865722656
2024-01-16 20:30:00+00:00,409.5299987792969
2024-01-17 14:30:00+00:00,404.4100036621094
2024-01-17 15:30:00+00:00,406.0199890136719
2024-01-17 16:30:00+00:00,405.30999755859375
2024-01-17 17:30:00+00:00,404.7950134277344
2024-01-17 18:30:00+00:00,405.6099853515625
2024-01-17 19:30:00+00:00,405.6600036621094
2024-01-17 20:30:00+00:00,407.20001220703125
2024-01-18 14:30:00+00:00,411.3299865722656
2024-01-18 15:30:00+00:00,412.590087890625
2024-01-18 16:30:00+00:00,411.15008544921875
2024-01-18 17:30:00+00:00,409.4800109863281
2024-01-18 18:30:00+00:00,412.7799987792969
2024-01-18 19:30:00+00:00,413.14111328125
2024-01-18 20:30:00+00:00,413.19000244140625
2024-01-19 14:30:00+00:00,415.82000732421875
2024-01-19 15:30:00+00:00,416.7799987792969
2024-01-19 16:30:00+00:00,417.5119934082031
2024-01-19 17:30:00+00:00,419.0299987792969
2024-01-19 18:30:00+00:00,420.54998779296875
2024-01-19 19:30:00+00:00,420.9200134277344
2024-01-19 20:30:00+00:00,421.239990234375
2024-01-22 14:30:00+00:00,422.389892578125
2024-01-22 15:30:00+00:00,422.5400085449219
2024-01-22 16:30:00+00:00,422.4800109863281
2024-01-22 17:30:00+00:00,421.2300109863281
2024-01-22 18:30:00+00:00,421.81500244140625
2024-01-22 19:30:00+00:00,422.3599853515625
2024-01-22 20:30:00+00:00,421.7200012207031
2024-01-23 14:30:00+00:00,421.8800048828125
2024-01-23 15:30:00+00:00,421.3699951171875
2024-01-23 16:30:00+00:00,421.57000732421875
2024-01-23 17:30:00+00:00,422.17999267578125
2024-01-23 18:30:00+00:00,422.0899963378906
2024-01-23 19:30:00+00:00,422.9800109863281
2024-01-23 20:30:00+00:00,423.42999267578125
2024-01-24 14:30:00+00:00,428.0299987792969
2024-01-24 15:30:00+00:00,427.8399963378906
2024-01-24 16:30:00+00:00,429.1099853515625
2024-01-24 17:30:00+00:00,429.0400085449219
2024-01-24 18:30:00+00:00,426.3599853515625
2024-01-24 19:30:00+00:00,425.6400146484375
2024-01-24 20:30:00+00:00,425.79998779296875
2024-01-25 14:30:00+00:00,428.5203857421875
2024-01-25 15:30:00+00:00,428.3800048828125
2024-01-25 16:30:00+00:00,427.2900085449219
2024-01-25 17:30:00+00:00,426.0899963378906
2024-01-25 18:30:00+00:00,424.7550048828125
2024-01-25 19:30:00+00:00,425.3399963378906
2024-01-25 20:30:00+00:00,426.30999755859375
2024-01-26 14:30:00+00:00,424.989990234375
2024-01-26 15:30:00+00:00,425.7099914550781
2024-01-26 16:30:00+00:00,425.4100036621094
2024-01-26 17:30:00+00:00,424.1050109863281
2024-01-26 18:30:00+00:00,423.75
2024-01-26 19:30:00+00:00,423.9949951171875
2024-01-26 20:30:00+00:00,423.7699890136719
2024-01-29 14:30:00+00:00,424.3299865722656
2024-01-29 15:30:00+00:00,424.5199890136719
2024-01-29 16:30:00+00:00,425.3904113769531
2024-01-29 17:30:00+00:00,425.4549865722656
2024-01-29 18:30:00+00:00,425.989990234375
2024-01-29 19:30:00+00:00,428.04998779296875
2024-01-29 20:30:00+00:00,428.1600036621094
2024-01-30 14:30:00+00:00,426.97509765625
2024-01-30 15:30:00+00:00,426.6400146484375
2024-01-30 16:30:00+00:00,425.32000732421875
2024-01-30 17:30:00+00:00,425.5539855957031
2024-01-30 18:30:00+00:00,425.2300109863281
2024-01-30 19:30:00+00:00,425.6099853515625
2024-01-30 20:30:00+00:00,425.2099914550781
2024-01-31 14:30:00+00:00,419.0400085449219
2024-01-31 15:30:00+00:00,419.3699951171875
2024-01-31 16:30:00+00:00,419.8550109863281
2024-01-31 17:30:00+00:00,420.2900085449219
2024-01-31 18:30:00+00:00,419.2200012207031
2024-01-31 19:30:00+00:00,418.3900146484375
2024-01-31 20:30:00+00:00,416.8900146484375
2024-02-01 14:30:00+00:00,420.30999755859375
2024-02-01 15:30:00+00:00,418.20001220703125
2024-02-01 16:30:00+00:00,419.7300109863281
2024-02-01 17:30:00+00:00,420.44000244140625
2024-02-01 18:30:00+00:00,420.95001220703125
2024-02-01 19:30:00+00:00,422.0199890136719
2024-02-01 20:30:00+00:00,422.0799865722656
2024-02-02 14:30:00+00:00,425.6600036621094
2024-02-02 15:30:00+00:00,427.739990234375
2024-02-02 16:30:00+00:00,429.6099853515625
2024-02-02 17:30:00+00:00,428.6400146484375
2024-02-02 18:30:00+00:00,429.5849914550781
2024-02-02 19:30:00+00:00,430.0199890136719
2024-02-02 20:30:00+00:00,429.1449890136719
2024-02-05 14:30:00+00:00,426.739990234375
2024-02-05 15:30:00+00:00,426.3949890136719
2024-02-05 16:30:00+00:00,428.2200012207031
2024-02-05 17:30:00+00:00,428.03009033203125
2024-02-05 18:30:00+00:00,428.8399963378906
2024-02-05 19:30:00+00:00,428.8699951171875
2024-02-05 20:30:00+00:00,428.45001220703125
2024-02-06 14:30:00+00:00,426.7300109863281
2024-02-06 15:30:00+00:00,427.5
2024-02-06 16:30:00+00:00,426.239990234375
2024-02-06 17:30:00+00:00,426.3699951171875
2024-02-06 18:30:00+00:00,426.0199890136719
2024-02-06 19:30:00+00:00,427.010009765625
2024-02-06 20:30:00+00:00,427.6499938964844
2024-02-07 14:30:00+00:00,432.6099853515625
2024-02-07 15:30:00+00:00,431.69000244140625
2024-02-07 16:30:00+00:00,431.4390869140625
2024-02-07 17:30:00+00:00,432.1830139160156
2024-02-07 18:30:00+00:00,431.9898986816406
2024-02-07 19:30:00+00:00,432.3599853515625
2024-02-07 20:30:00+00:00,432.0299987792969
2024-02-08 14:30:00+00:00,432.2001037597656
2024-02-08 15:30:00+00:00,432.7699890136719
2024-02-08 16:30:00+00:00,433.3900146484375
2024-02-08 17:30:00+00:00,433.2149963378906
2024-02-08 18:30:00+00:00,432.2699890136719
2024-02-08 19:30:00+00:00,432.95001220703125
2024-02-08 20:30:00+00:00,432.80999755859375
2024-02-09 14:30:00+00:00,435.4200134277344
2024-02-09 15:30:00+00:00,435.7300109863281
2024-02-09 16:30:00+00:00,436.18499755859375
2024-02-09 17:30:00+00:00,437.0
2024-02-09 18:30:00+00:00,437.3590087890625
2024-02-09 19:30:00+00:00,437.1650085449219
2024-02-09 20:30:00+00:00,437.0899963378906
2024-02-12 14:30:00+00:00,437.0
2024-02-12 15:30:00+00:00,438.4750061035156
2024-02-12 16:30:00+00:00,438.07000732421875
2024-02-12 17:30:00+00:00,437.55010986328125
2024-02-12 18:30:00+00:00,435.6700134277344
2024-02-12 19:30:00+00:00,435.56060791015625
2024-02-12 20:30:00+00:00,435.30999755859375
2024-02-13 14:30:00+00:00,430.06500244140625
2024-02-13 15:30:00+00:00,430.32000732421875
2024-02-13 16:30:00+00:00,428.8299865722656
2024-02-13 17:30:00+00:00,428.6401062011719
2024-02-13 18:30:00+00:00,426.9700012207031
2024-02-13 19:30:00+00:00,425.9713134765625
2024-02-13 20:30:00+00:00,428.5199890136719
2024-02-14 14:30:00+00:00,432.4100036621094
2024-02-14 15:30:00+00:00,430.3699951171875
2024-02-14 16:30:00+00:00,430.6099853515625
2024-02-14 17:30:00+00:00,430.54998779296875
2024-02-14 18:30:00+00:00,431.05999755859375
2024-02-14 19:30:00+00:00,432.4200134277344
2024-02-14 20:30:00+00:00,433.239990234375
2024-02-15 14:30:00+00:00,432.2300109863281
2024-02-15 15:30:00+00:00,432.57501220703125
2024-02-15 16:30:00+00:00,433.4447021484375
2024-02-15 17:30:00+00:00,434.7099914550781
2024-02-15 18:30:00+00:00,434.3999938964844
2024-02-15 19:30:00+00:00,434.08990478515625
2024-02-15 20:30:00+00:00,434.5299987792969
2024-02-16 14:30:00+00:00,431.0299987792969
2024-02-16 15:30:00+00:00,433.3599853515625
2024-02-16 16:30:00+00:00,433.7850036621094
2024-02-16 17:30:00+00:00,432.6400146484375
2024-02-16 18:30:00+00:00,433.9898986816406
2024-02-16 19:30:00+00:00,431.57000732421875
2024-02-16 20:30:00+00:00,430.5899963378906
2024-02-20 14:30:00+00:00,424.8500061035156
2024-02-20 15:30:00+00:00,426.3999938964844
2024-02-20 16:30:00+00:00,423.989990234375
2024-02-20 17:30:00+00:00,424.4620056152344
2024-02-20 18:30:00+00:00,425.6300048828125
2024-02-20 19:30:00+00:00,426.7099914550781
2024-02-20 20:30:00+00:00,427.32000732421875
2024-02-21 14:30:00+00:00,424.04998779296875
2024-02-21 15:30:00+00:00,424.44500732421875
2024-02-21 16:30:00+00:00,423.3700866699219
2024-02-21 17:30:00+00:00,423.6099853515625
2024-02-21 18:30:00+00:00,422.5450134277344
2024-02-21 19:30:00+00:00,422.760009765625
2024-02-21 20:30:00+00:00,425.6099853515625
2024-02-22 14:30:00+00:00,435.9800109863281
2024-02-22 15:30:00+00:00,435.9200134277344
2024-02-22 16:30:00+00:00,436.739990234375
2024-02-22 17:30:00+00:00,437.55999755859375
2024-02-22 18:30:00+00:00,439.0802917480469
2024-02-22 19:30:00+00:00,438.45001220703125
2024-02-22 20:30:00+00:00,438.1499938964844
2024-02-23 14:30:00+00:00,438.2699890136719
2024-02-23 15:30:00+00:00,437.2699890136719
2024-02-23 16:30:00+00:00,437.5799865722656
2024-02-23 17:30:00+00:00,438.3699951171875
2024-02-23 18:30:00+00:00,436.99969482421875
2024-02-23 19:30:00+00:00,436.4200134277344
2024-02-23 20:30:00+00:00,436.739990234375
2024-02-26 14:30:00+00:00,437.6600036621094
2024-02-26 15:30:00+00:00,437.5799865722656
2024-02-26 16:30:00+00:00,438.37811279296875
2024-02-26 17:30:00+00:00,437.135986328125
2024-02-26 18:30:00+00:00,437.9285888671875
2024-02-26 19:30:00+00:00,437.510009765625
2024-02-26 20:30:00+00:00,436.6300048828125
2024-02-27 14:30:00+00:00,437.4700012207031
2024-02-27 15:30:00+00:00,436.6499938964844
2024-02-27 16:30:00+00:00,436.6199951171875
2024-02-27 17:30:00+00:00,435.7875061035156
2024-02-27 18:30:00+00:00,437.3699035644531
2024-02-27 19:30:00+00:00,437.8349914550781
2024-02-27 20:30:00+00:00,437.6300048828125
2024-02-28 14:30:00+00:00,434.92999267578125
2024-02-28 15:30:00+00:00,436.3299865722656
2024-02-28 16:30:00+00:00,435.6099853515625
2024-02-28 17:30:00+00:00,435.78009033203125
2024-02-28 18:30:00+00:00,435.1003112792969
2024-02-28 19:30:00+00:00,435.4849853515625
2024-02-28 20:30:00+00:00,435.28009033203125
2024-02-29 14:30:00+00:00,437.8999938964844
2024-02-29 15:30:00+00:00,436.9714050292969
2024-02-29 16:30:00+00:00,436.7900085449219
2024-02-29 17:30:00+00:00,438.54998779296875
2024-02-29 18:30:00+00:00,438.0950012207031
2024-02-29 19:30:00+00:00,438.6700134277344
2024-02-29 20:30:00+00:00,439.0899963378906
2024-03-01 14:30:00+00:00,441.8999938964844
2024-03-01 15:30:00+00:00,443.11029052734375
2024-03-01 16:30:00+00:00,443.989990234375
2024-03-01 17:30:00+00:00,445.2699890136719
2024-03-01 18:30:00+00:00,446.4700012207031
2024-03-01 19:30:00+00:00,445.8900146484375
2024-03-01 20:30:00+00:00,445.6700134277344
2024-03-04 14:30:00+00:00,444.67999267578125
2024-03-04 15:30:00+00:00,445.0299987792969
2024-03-04 16:30:00+00:00,445.5150146484375
2024-03-04 17:30:00+00:00,444.5602111816406
2024-03-04 18:30:00+00:00,444.92999267578125
2024-03-04 19:30:00+00:00,445.4200134277344
2024-03-04 20:30:00+00:00,443.9100036621094
2024-03-05 14:30:00+00:00,436.79998779296875
2024-03-05 15:30:00+00:00,436.739990234375
2024-03-05 16:30:00+00:00,437.1000061035156
2024-03-05 17:30:00+00:00,435.8599853515625
2024-03-05 18:30:00+00:00,435.16009521484375
2024-03-05 19:30:00+00:00,433.8500061035156
2024-03-05 20:30:00+00:00,436.04998779296875
2024-03-06 14:30:00+00:00,438.20001220703125
2024-03-06 15:30:00+00:00,440.1300048828125
2024-03-06 16:30:00+00:00,441.5199890136719
2024-03-06 17:30:00+00:00,441.4599914550781
2024-03-06 18:30:00+00:00,439.6700134277344
2024-03-06 19:30:00+00:00,438.2200012207031
2024-03-06 20:30:00+00:00,438.8599853515625
2024-03-07 14:30:00+00:00,443.75
2024-03-07 15:30:00+00:00,444.92999267578125
2024-03-07 16:30:00+00:00,445.44000244140625
2024-03-07 17:30:00+00:00,445.9200134277344
2024-03-07 18:30:00+00:00,446.25
2024-03-07 19:30:00+00:00,445.3500061035156
2024-03-07 20:30:00+00:00,445.510009765625
2024-03-08 14:30:00+00:00,448.46990966796875
2024-03-08 15:30:00+00:00,442.8609924316406
2024-03-08 16:30:00+00:00,442.6199951171875
2024-03-08 17:30:00+00:00,439.4800109863281
2024-03-08 18:30:00+00:00,440.8573913574219
2024-03-08 19:30:00+00:00,439.2699890136719
2024-03-08 20:30:00+00:00,439.0
2024-03-11 13:30:00+00:00,436.3900146484375
2024-03-11 14:30:00+00:00,436.4200134277344
2024-03-11 15:30:00+00:00,437.45001220703125
2024-03-11 16:30:00+00:00,437.9100036621094
2024-03-11 17:30:00+00:00,437.9150085449219
2024-03-11 18:30:00+00:00,437.07000732421875
2024-03-11 19:30:00+00:00,437.3500061035156
2024-03-12 13:30:00+00:00,440.989990234375
2024-03-12 14:30:00+00:00,443.1499938964844
2024-03-12 15:30:00+00:00,441.4801025390625
2024-03-12 16:30:00+00:00,441.4599914550781
2024-03-12 17:30:00+00:00,442.9031982421875
2024-03-12 18:30:00+00:00,443.5
2024-03-12 19:30:00+00:00,443.67999267578125
2024-03-13 13:30:00+00:00,440.6000061035156
2024-03-13 14:30:00+00:00,440.07000732421875
2024-03-13 15:30:00+00:00,440.3500061035156
2024-03-13 16:30:00+00:00,441.5400085449219
2024-03-13 17:30:00+00:00,441.4700012207031
2024-03-13 18:30:00+00:00,439.82000732421875
2024-03-13 19:30:00+00:00,440.2300109863281
2024-03-14 13:30:00+00:00,440.05499267578125
2024-03-14 14:30:00+00:00,439.20001220703125
2024-03-14 15:30:00+00:00,439.239990234375
2024-03-14 16:30:00+00:00,438.1400146484375
2024-03-14 17:30:00+00:00,439.70001220703125
2024-03-14 18:30:00+00:00,437.1300048828125
2024-03-14 19:30:00+00:00,439.19000244140625
2024-03-15 13:30:00+00:00,435.1300048828125
2024-03-15 14:30:00+00:00,435.0400085449219
2024-03-15 15:30:00+00:00,433.57000732421875
2024-03-15 16:30:00+00:00,433.7950134277344
2024-03-15 17:30:00+00:00,433.92999267578125
2024-03-15 18:30:00+00:00,434.6799011230469
2024-03-15 19:30:00+00:00,433.8800048828125
2024-03-18 13:30:00+00:00,440.8200988769531
2024-03-18 14:30:00+00:00,439.5950012207031
2024-03-18 15:30:00+00:00,438.94000244140625
2024-03-18 16:30:00+00:00,438.8399963378906
2024-03-18 17:30:00+00:00,439.3999938964844
2024-03-18 18:30:00+00:00,438.67999267578125
2024-03-18 19:30:00+00:00,437.4700012207031
2024-03-19 13:30:00+00:00,433.8999938964844
2024-03-19 14:30:00+00:00,435.1925048828125
2024-03-19 15:30:00+00:00,436.7699890136719
2024-03-19 16:30:00+00:00,438.07000732421875
2024-03-19 17:30:00+00:00,438.48968505859375
2024-03-19 18:30:00+00:00,437.6199951171875
2024-03-19 19:30:00+00:00,438.5799865722656
2024-03-20 13:30:00+00:00,439.29998779296875
2024-03-20 14:30:00+00:00,439.0299987792969
2024-03-20 15:30:00+00:00,438.8699951171875
2024-03-20 16:30:00+00:00,438.4649963378906
2024-03-20 17:30:00+00:00,441.07000732421875
2024-03-20 18:30:00+00:00,443.8399963378906
2024-03-20 19:30:00+00:00,443.80999755859375
2024-03-21 13:30:00+00:00,448.19500732421875
2024-03-21 14:30:00+00:00,448.1499938964844
2024-03-21 15:30:00+00:00,449.25
2024-03-21 16:30:00+00:00,448.30999755859375
2024-03-21 17:30:00+00:00,447.19500732421875
2024-03-21 18:30:00+00:00,446.4700012207031
2024-03-21 19:30:00+00:00,445.7799987792969
2024-03-22 13:30:00+00:00,445.2650146484375
2024-03-22 14:30:00+00:00,445.760009765625
2024-03-22 15:30:00+00:00,445.7694091796875
2024-03-22 16:30:00+00:00,446.82989501953125
2024-03-22 17:30:00+00:00,447.09039306640625
2024-03-22 18:30:00+00:00,446.19000244140625
2024-03-22 19:30:00+00:00,446.20001220703125
2024-03-25 13:30:00+00:00,444.875
2024-03-25 14:30:00+00:00,445.2344970703125
2024-03-25 15:30:00+00:00,445.1495056152344
2024-03-25 16:30:00+00:00,445.6050109863281
2024-03-25 17:30:00+00:00,445.9700012207031
2024-03-25 18:30:00+00:00,445.30999755859375
2024-03-25 19:30:00+00:00,444.739990234375
2024-03-26 13:30:00+00:00,445.9599914550781
2024-03-26 14:30:00+00:00,446.260009765625
2024-03-26 15:30:00+00:00,446.0599060058594
2024-03-26 16:30:00+00:00,445.7950134277344
2024-03-26 17:30:00+00:00,446.0299987792969
2024-03-26 18:30:00+00:00,444.8800048828125
2024-03-26 19:30:00+00:00,443.29998779296875
2024-03-27 13:30:00+00:00,442.7699890136719
2024-03-27 14:30:00+00:00,442.44989013671875
2024-03-27 15:30:00+00:00,443.2749938964844
2024-03-27 16:30:00+00:00,443.0539855957031
2024-03-27 17:30:00+00:00,443.70001220703125
2024-03-27 18:30:00+00:00,443.20001220703125
2024-03-27 19:30:00+00:00,444.9200134277344
2024-03-28 13:30:00+00:00,444.46661376953125
2024-03-28 14:30:00+00:00,444.8900146484375
2024-03-28 15:30:00+00:00,444.4800109863281
2024-03-28 16:30:00+00:00,443.97900390625
2024-03-28 17:30:00+00:00,444.2340087890625
2024-03-28 18:30:00+00:00,444.8901062011719
2024-03-28 19:30:00+00:00,443.989990234375
2024-04-01 13:30:00+00:00,445.81988525390625
2024-04-01 14:30:00+00:00,444.3500061035156
2024-04-01 15:30:00+00:00,444.4501037597656
2024-04-01 16:30:00+00:00,443.8699951171875
2024-04-01 17:30:00+00:00,444.3550109863281
2024-04-01 18:30:00+00:00,444.30999755859375
2024-04-01 19:30:00+00:00,444.989990234375
2024-04-02 13:30:00+00:00,438.8999938964844
2024-04-02 14:30:00+00:00,439.6199035644531
2024-04-02 15:30:00+00:00,439.2799072265625
2024-04-02 16:30:00+00:00,439.889892578125
2024-04-02 17:30:00+00:00,439.94000244140625
2024-04-02 18:30:00+00:00,440.510009765625
2024-04-02 19:30:00+00:00,441.0899963378906
2024-04-03 13:30:00+00:00,443.0000915527344
2024-04-03 14:30:00+00:00,443.7799987792969
2024-04-03 15:30:00+00:00,443.4150085449219
2024-04-03 16:30:00+00:00,443.29998779296875
2024-04-03 17:30:00+00:00,442.9849853515625
2024-04-03 18:30:00+00:00,441.17999267578125
2024-04-03 19:30:00+00:00,442.05999755859375
2024-04-04 13:30:00+00:00,445.5799865722656
2024-04-04 14:30:00+00:00,445.42999267578125
2024-04-04 15:30:00+00:00,446.6300048828125
2024-04-04 16:30:00+00:00,446.3299865722656
2024-04-04 17:30:00+00:00,441.44000244140625
2024-04-04 18:30:00+00:00,436.04998779296875
2024-04-04 19:30:00+00:00,435.239990234375
2024-04-05 13:30:00+00:00,438.3800048828125
2024-04-05 14:30:00+00:00,440.2392883300781
2024-04-05 15:30:00+00:00,441.94000244140625
2024-04-05 16:30:00+00:00,442.2200012207031
2024-04-05 17:30:00+00:00,440.1000061035156
2024-04-05 18:30:00+00:00,440.3399963378906
2024-04-05 19:30:00+00:00,440.510009765625
2024-04-08 13:30:00+00:00,441.67999267578125
2024-04-08 14:30:00+00:00,441.57000732421875
2024-04-08 15:30:00+00:00,440.2799987792969
2024-04-08 16:30:00+00:00,440.989990234375
2024-04-08 17:30:00+00:00,441.0039978027344
2024-04-08 18:30:00+00:00,441.0799865722656
2024-04-08 19:30:00+00:00,440.6199951171875
2024-04-09 13:30:00+00:00,440.3500061035156
2024-04-09 14:30:00+00:00,438.9849853515625
2024-04-09 15:30:00+00:00,440.3900146484375
2024-04-09 16:30:00+00:00,440.20001220703125
2024-04-09 17:30:00+00:00,439.79998779296875
2024-04-09 18:30:00+00:00,441.4200134277344
2024-04-09 19:30:00+00:00,442.25
2024-04-10 13:30:00+00:00,437.8999938964844
2024-04-10 14:30:00+00:00,438.01971435546875
2024-04-10 15:30:00+00:00,437.29998779296875
2024-04-10 16:30:00+00:00,437.8599853515625
2024-04-10 17:30:00+00:00,437.0729064941406
2024-04-10 18:30:00+00:00,438.0400085449219
2024-04-10 19:30:00+00:00,438.2799987792969
2024-04-11 13:30:00+00:00,438.9200134277344
2024-04-11 14:30:00+00:00,439.7950134277344
2024-04-11 15:30:00+00:00,440.94000244140625
2024-04-11 16:30:00+00:00,443.7300109863281
2024-04-11 17:30:00+00:00,445.7799987792969
2024-04-11 18:30:00+00:00,445.9049987792969
2024-04-11 19:30:00+00:00,445.4599914550781
2024-04-12 13:30:00+00:00,440.5899963378906
2024-04-12 14:30:00+00:00,440.3399963378906
2024-04-12 15:30:00+00:00,438.8500061035156
2024-04-12 16:30:00+00:00,437.31988525390625
2024-04-12 17:30:00+00:00,438.05999755859375
2024-04-12 18:30:00+00:00,437.32000732421875
2024-04-12 19:30:00+00:00,438.30999755859375
2024-04-15 13:30:00+00:00,439.5199890136719
2024-04-15 14:30:00+00:00,438.7099914550781
2024-04-15 15:30:00+00:00,437.2889099121094
2024-04-15 16:30:00+00:00,432.7900085449219
2024-04-15 17:30:00+00:00,431.42999267578125
2024-04-15 18:30:00+00:00,430.6199951171875
2024-04-15 19:30:00+00:00,430.989990234375
2024-04-16 13:30:00+00:00,430.6400146484375
2024-04-16 14:30:00+00:00,431.92999267578125
2024-04-16 15:30:00+00:00,431.6549987792969
2024-04-16 16:30:00+00:00,431.6400146484375
2024-04-16 17:30:00+00:00,430.6199951171875
2024-04-16 18:30:00+00:00,432.739990234375
2024-04-16 19:30:00+00:00,431.0899963378906
2024-04-17 13:30:00+00:00,430.5400085449219
2024-04-17 14:30:00+00:00,428.5299987792969
2024-04-17 15:30:00+00:00,426.4700012207031
2024-04-17 16:30:00+00:00,427.2699890136719
2024-04-17 17:30:00+00:00,427.1700134277344
2024-04-17 18:30:00+00:00,425.8670959472656
2024-04-17 19:30:00+00:00,425.79998779296875
2024-04-18 13:30:00+00:00,425.989990234375
2024-04-18 14:30:00+00:00,427.2650146484375
2024-04-18 15:30:00+00:00,426.7793884277344
2024-04-18 16:30:00+00:00,424.4013977050781
2024-04-18 17:30:00+00:00,423.80999755859375
2024-04-18 18:30:00+00:00,423.7799987792969
2024-04-18 19:30:00+00:00,423.3599853515625
2024-04-19 13:30:00+00:00,419.3786926269531
2024-04-19 14:30:00+00:00,418.3500061035156
2024-04-19 15:30:00+00:00,415.3399963378906
2024-04-19 16:30:00+00:00,416.6199951171875
2024-04-19 17:30:00+00:00,415.3800048828125
2024-04-19 18:30:00+00:00,414.6700134277344
2024-04-19 19:30:00+00:00,414.6499938964844
2024-04-22 13:30:00+00:00,414.99969482421875
2024-04-22 14:30:00+00:00,415.32049560546875
2024-04-22 15:30:00+00:00,416.5849914550781
2024-04-22 16:30:00+00:00,418.660888671875
2024-04-22 17:30:00+00:00,420.7099914550781
2024-04-22 18:30:00+00:00,419.7786865234375
2024-04-22 19:30:00+00:00,418.8500061035156
2024-04-23 13:30:00+00:00,424.1050109863281
2024-04-23 14:30:00+00:00,424.610107421875
2024-04-23 15:30:00+00:00,425.07000732421875
2024-04-23 16:30:00+00:00,424.9200134277344
2024-04-23 17:30:00+00:00,426.0899963378906
2024-04-23 18:30:00+00:00,425.5299987792969
2024-04-23 19:30:00+00:00,425.1400146484375
2024-04-24 13:30:00+00:00,428.07000732421875
2024-04-24 14:30:00+00:00,426.3999938964844
2024-04-24 15:30:00+00:00,425.20989990234375
2024-04-24 16:30:00+00:00,426.29998779296875
2024-04-24 17:30:00+00:00,425.92999267578125
2024-04-24 18:30:00+00:00,426.69000244140625
2024-04-24 19:30:00+00:00,426.42999267578125
2024-04-25 13:30:00+00:00,421.1700134277344
2024-04-25 14:30:00+00:00,420.54998779296875
2024-04-25 15:30:00+00:00,421.8205871582031
2024-04-25 16:30:00+00:00,422.67999267578125
2024-04-25 17:30:00+00:00,423.1000061035156
2024-04-25 18:30:00+00:00,425.1600036621094
2024-04-25 19:30:00+00:00,424.3800048828125
2024-04-26 13:30:00+00:00,429.9800109863281
2024-04-26 14:30:00+00:00,431.0
2024-04-26 15:30:00+00:00,431.2300109863281
2024-04-26 16:30:00+00:00,432.2799987792969
2024-04-26 17:30:00+00:00,431.31201171875
2024-04-26 18:30:00+00:00,432.2200012207031
2024-04-26 19:30:00+00:00,431.04998779296875
2024-04-29 13:30:00+00:00,432.46710205078125
2024-04-29 14:30:00+00:00,432.04998779296875
2024-04-29 15:30:00+00:00,432.7799072265625
2024-04-29 16:30:00+00:00,433.17999267578125
2024-04-29 17:30:00+00:00,432.2952880859375
2024-04-29 18:30:00+00:00,431.3349914550781
2024-04-29 19:30:00+00:00,432.7300109863281
2024-04-30 13:30:00+00:00,430.8800048828125
2024-04-30 14:30:00+00:00,429.5899963378906
2024-04-30 15:30:00+00:00,429.45001220703125
2024-04-30 16:30:00+00:00,427.81500244140625
2024-04-30 17:30:00+00:00,427.60009765625
2024-04-30 18:30:00+00:00,427.6499938964844
2024-04-30 19:30:00+00:00,424.55999755859375
2024-05-01 13:30:00+00:00,422.3299865722656
2024-05-01 14:30:00+00:00,421.92999267578125
2024-05-01 15:30:00+00:00,422.2157897949219
2024-05-01 16:30:00+00:00,421.847900390625
2024-05-01 17:30:00+00:00,424.5563049316406
2024-05-01 18:30:00+00:00,428.35809326171875
2024-05-01 19:30:00+00:00,421.45001220703125
2024-05-02 13:30:00+00:00,423.2699890136719
2024-05-02 14:30:00+00:00,423.8299865722656
2024-05-02 15:30:00+00:00,424.29998779296875
2024-05-02 16:30:00+00:00,425.8399963378906
2024-05-02 17:30:00+00:00,426.4200134277344
2024-05-02 18:30:00+00:00,427.42999267578125
2024-05-02 19:30:00+00:00,426.9200134277344
2024-05-03 13:30:00+00:00,434.0400085449219
2024-05-03 14:30:00+00:00,434.1199951171875
2024-05-03 15:30:00+00:00,435.0928955078125
2024-05-03 16:30:00+00:00,435.1499938964844
2024-05-03 17:30:00+00:00,435.8203125
2024-05-03 18:30:00+00:00,435.82000732421875
2024-05-03 19:30:00+00:00,435.4750061035156
2024-05-06 13:30:00+00:00,437.8478088378906
2024-05-06 14:30:00+00:00,437.8699951171875
2024-05-06 15:30:00+00:00,437.67999267578125
2024-05-06 16:30:00+00:00,438.25830078125
2024-05-06 17:30:00+00:00,439.07501220703125
2024-05-06 18:30:00+00:00,438.9100036621094
2024-05-06 19:30:00+00:00,440.3299865722656
2024-05-07 13:30:00+00:00,440.1499938964844
2024-05-07 14:30:00+00:00,441.5299987792969
2024-05-07 15:30:00+00:00,441.760009765625
2024-05-07 16:30:00+00:00,441.7398986816406
2024-05-07 17:30:00+00:00,440.06500244140625
2024-05-07 18:30:00+00:00,440.3900146484375
2024-05-07 19:30:00+00:00,440.29998779296875
2024-05-08 13:30:00+00:00,440.55999755859375
2024-05-08 14:30:00+00:00,440.1300048828125
2024-05-08 15:30:00+00:00,439.9700012207031
2024-05-08 16:30:00+00:00,439.1579895019531
2024-05-08 17:30:00+00:00,440.1488952636719
2024-05-08 18:30:00+00:00,440.07501220703125
2024-05-08 19:30:00+00:00,440.07000732421875
2024-05-09 13:30:00+00:00,439.510009765625
2024-05-09 14:30:00+00:00,441.3800048828125
2024-05-09 15:30:00+00:00,440.5828857421875
2024-05-09 16:30:00+00:00,441.1700134277344
2024-05-09 17:30:00+00:00,441.05999755859375
2024-05-09 18:30:00+00:00,440.8800048828125
2024-05-09 19:30:00+00:00,441.0299987792969
2024-05-10 13:30:00+00:00,441.5150146484375
2024-05-10 14:30:00+00:00,441.67999267578125
2024-05-10 15:30:00+00:00,441.6099853515625
2024-05-10 16:30:00+00:00,441.3799133300781
2024-05-10 17:30:00+00:00,441.9800109863281
2024-05-10 18:30:00+00:00,442.2099914550781
2024-05-10 19:30:00+00:00,442.05999755859375
2024-05-13 13:30:00+00:00,443.3399963378906
2024-05-13 14:30:00+00:00,442.7300109863281
2024-05-13 15:30:00+00:00,443.2650146484375
2024-05-13 16:30:00+00:00,443.0400085449219
2024-05-13 17:30:00+00:00,442.80560302734375
2024-05-13 18:30:00+00:00,442.92498779296875
2024-05-13 19:30:00+00:00,443.1000061035156
2024-05-14 13:30:00+00:00,444.81500244140625
2024-05-14 14:30:00+00:00,444.69000244140625
2024-05-14 15:30:00+00:00,443.5799865722656
2024-05-14 16:30:00+00:00,443.82000732421875
2024-05-14 17:30:00+00:00,445.139892578125
2024-05-14 18:30:00+00:00,446.135009765625
2024-05-14 19:30:00+00:00,445.9599914550781
2024-05-15 13:30:00+00:00,448.9150085449219
2024-05-15 14:30:00+00:00,450.4800109863281
2024-05-15 15:30:00+00:00,450.8699951171875
2024-05-15 16:30:00+00:00,451.9100036621094
2024-05-15 17:30:00+00:00,452.6300048828125
2024-05-15 18:30:00+00:00,452.8599853515625
2024-05-15 19:30:00+00:00,452.8599853515625
2024-05-16 13:30:00+00:00,453.6000061035156
2024-05-16 14:30:00+00:00,454.3299865722656
2024-05-16 15:30:00+00:00,453.8299865722656
2024-05-16 16:30:00+00:00,452.9800109863281
2024-05-16 17:30:00+00:00,452.625
2024-05-16 18:30:00+00:00,452.91009521484375
2024-05-16 19:30:00+00:00,451.9599914550781
2024-05-17 13:30:00+00:00,452.42498779296875
2024-05-17 14:30:00+00:00,452.1700134277344
2024-05-17 15:30:00+00:00,451.84979248046875
2024-05-17 16:30:00+00:00,451.4100036621094
2024-05-17 17:30:00+00:00,450.1650085449219
2024-05-17 18:30:00+00:00,451.58050537109375
2024-05-17 19:30:00+00:00,451.7699890136719
2024-05-20 13:30:00+00:00,454.6000061035156
2024-05-20 14:30:00+00:00,454.57000732421875
2024-05-20 15:30:00+00:00,454.45001220703125
2024-05-20 16:30:00+00:00,454.3699951171875
2024-05-20 17:30:00+00:00,454.51959228515625
2024-05-20 18:30:00+00:00,455.20989990234375
2024-05-20 19:30:00+00:00,454.9200134277344
2024-05-21 13:30:00+00:00,454.125
2024-05-21 14:30:00+00:00,454.68060302734375
2024-05-21 15:30:00+00:00,454.94989013671875
2024-05-21 16:30:00+00:00,454.75
2024-05-21 17:30:00+00:00,454.7431945800781
2024-05-21 18:30:00+00:00,455.1549987792969
2024-05-21 19:30:00+00:00,455.79998779296875
2024-05-22 13:30:00+00:00,456.2900085449219
2024-05-22 14:30:00+00:00,456.7099914550781
2024-05-22 15:30:00+00:00,456.3700866699219
2024-05-22 16:30:00+00:00,456.30999755859375
2024-05-22 17:30:00+00:00,453.2699890136719
2024-05-22 18:30:00+00:00,454.4200134277344
2024-05-22 19:30:00+00:00,455.67999267578125
2024-05-23 13:30:00+00:00,458.3800048828125
2024-05-23 14:30:00+00:00,458.44000244140625
2024-05-23 15:30:00+00:00,459.1499938964844
2024-05-23 16:30:00+00:00,457.2699890136719
2024-05-23 17:30:00+00:00,453.239990234375
2024-05-23 18:30:00+00:00,452.54998779296875
2024-05-23 19:30:00+00:00,453.6499938964844
2024-05-24 13:30:00+00:00,456.9800109863281
2024-05-24 14:30:00+00:00,458.6050109863281
2024-05-24 15:30:00+00:00,458.739990234375
2024-05-24 16:30:00+00:00,458.4700012207031
2024-05-24 17:30:00+00:00,458.5799865722656
2024-05-24 18:30:00+00:00,457.70001220703125
2024-05-24 19:30:00+00:00,458.010009765625
2024-05-28 13:30:00+00:00,458.5299987792969
2024-05-28 14:30:00+00:00,459.2749938964844
2024-05-28 15:30:00+00:00,459.0199890136719
2024-05-28 16:30:00+00:00,459.2200012207031
2024-05-28 17:30:00+00:00,458.0799865722656
2024-05-28 18:30:00+00:00,458.12298583984375
2024-05-28 19:30:00+00:00,459.67999267578125
2024-05-29 13:30:00+00:00,457.5799865722656
2024-05-29 14:30:00+00:00,457.5
2024-05-29 15:30:00+00:00,457.5899963378906
2024-05-29 16:30:00+00:00,457.57000732421875
2024-05-29 17:30:00+00:00,457.2550048828125
2024-05-29 18:30:00+00:00,457.4549865722656
2024-05-29 19:30:00+00:00,456.510009765625
2024-05-30 13:30:00+00:00,454.3916931152344
2024-05-30 14:30:00+00:00,453.29998779296875
2024-05-30 15:30:00+00:00,453.5899963378906
2024-05-30 16:30:00+00:00,454.33990478515625
2024-05-30 17:30:00+00:00,453.29998779296875
2024-05-30 18:30:00+00:00,452.3550109863281
2024-05-30 19:30:00+00:00,451.54998779296875
2024-05-31 13:30:00+00:00,447.3949890136719
2024-05-31 14:30:00+00:00,445.3699951171875
2024-05-31 15:30:00+00:00,443.5199890136719
2024-05-31 16:30:00+00:00,445.8623962402344
2024-05-31 17:30:00+00:00,444.94000244140625
2024-05-31 18:30:00+00:00,447.1300048828125
2024-05-31 19:30:00+00:00,451.7099914550781
2024-06-03 13:30:00+00:00,454.2200012207031
2024-06-03 14:30:00+00:00,452.260009765625
2024-06-03 15:30:00+00:00,449.52099609375
2024-06-03 16:30:00+00:00,450.19000244140625
2024-06-03 17:30:00+00:00,450.38751220703125
2024-06-03 18:30:00+00:00,451.5801086425781
2024-06-03 19:30:00+00:00,453.1499938964844
2024-06-04 13:30:00+00:00,452.3299865722656
2024-06-04 14:30:00+00:00,451.95001220703125
2024-06-04 15:30:00+00:00,452.0899963378906
2024-06-04 16:30:00+00:00,452.8399963378906
2024-06-04 17:30:00+00:00,455.1700134277344
2024-06-04 18:30:00+00:00,453.55999755859375
2024-06-04 19:30:00+00:00,454.3399963378906
2024-06-05 13:30:00+00:00,459.0299987792969
2024-06-05 14:30:00+00:00,460.7699890136719
2024-06-05 15:30:00+00:00,460.9700012207031
2024-06-05 16:30:00+00:00,461.5400085449219
2024-06-05 17:30:00+00:00,462.2702941894531
2024-06-05 18:30:00+00:00,462.4525146484375
2024-06-05 19:30:00+00:00,463.5899963378906
2024-06-06 13:30:00+00:00,463.70001220703125
2024-06-06 14:30:00+00:00,463.43011474609375
2024-06-06 15:30:00+00:00,463.1300048828125
2024-06-06 16:30:00+00:00,463.7200012207031
2024-06-06 17:30:00+00:00,463.0199890136719
2024-06-06 18:30:00+00:00,463.3299865722656
2024-06-06 19:30:00+00:00,463.4100036621094
2024-06-07 13:30:00+00:00,462.9800109863281
2024-06-07 14:30:00+00:00,463.625
2024-06-07 15:30:00+00:00,464.739990234375
2024-06-07 16:30:00+00:00,465.0299987792969
2024-06-07 17:30:00+00:00,463.07000732421875
2024-06-07 18:30:00+00:00,463.17999267578125
2024-06-07 19:30:00+00:00,462.9800109863281
2024-06-10 13:30:00+00:00,462.95001220703125
2024-06-10 14:30:00+00:00,464.25
2024-06-10 15:30:00+00:00,464.6700134277344
2024-06-10 16:30:00+00:00,463.5899963378906
2024-06-10 17:30:00+00:00,463.3349914550781
2024-06-10 18:30:00+00:00,464.8299865722656
2024-06-10 19:30:00+00:00,464.7900085449219
2024-06-11 13:30:00+00:00,464.2799987792969
2024-06-11 14:30:00+00:00,464.9750061035156
2024-06-11 15:30:00+00:00,464.5
2024-06-11 16:30:00+00:00,465.04998779296875
2024-06-11 17:30:00+00:00,467.29998779296875
2024-06-11 18:30:00+00:00,466.8599853515625
2024-06-11 19:30:00+00:00,468.04998779296875
2024-06-12 13:30:00+00:00,475.3599853515625
2024-06-12 14:30:00+00:00,475.135009765625
2024-06-12 15:30:00+00:00,474.3500061035156
2024-06-12 16:30:00+00:00,474.92999267578125
2024-06-12 17:30:00+00:00,474.9562072753906
2024-06-12 18:30:00+00:00,473.510009765625
2024-06-12 19:30:00+00:00,474.1400146484375
2024-06-13 13:30:00+00:00,476.20001220703125
2024-06-13 14:30:00+00:00,476.3399963378906
2024-06-13 15:30:00+00:00,474.6087951660156
2024-06-13 16:30:00+00:00,476.19000244140625
2024-06-13 17:30:00+00:00,476.5249938964844
2024-06-13 18:30:00+00:00,476.8999938964844
2024-06-13 19:30:00+00:00,476.7099914550781
2024-06-14 13:30:00+00:00,477.69000244140625
2024-06-14 14:30:00+00:00,477.5299987792969
2024-06-14 15:30:00+00:00,477.2900085449219
2024-06-14 16:30:00+00:00,478.5498962402344
2024-06-14 17:30:00+00:00,478.4574890136719
2024-06-14 18:30:00+00:00,478.8293151855469
2024-06-14 19:30:00+00:00,479.1708068847656
2024-06-17 13:30:00+00:00,479.2300109863281
2024-06-17 14:30:00+00:00,480.75
2024-06-17 15:30:00+00:00,482.45001220703125
2024-06-17 16:30:00+00:00,484.1899108886719
2024-06-17 17:30:00+00:00,486.1099853515625
2024-06-17 18:30:00+00:00,486.5799865722656
2024-06-17 19:30:00+00:00,485.04998779296875
2024-06-18 13:30:00+00:00,484.739990234375
2024-06-18 14:30:00+00:00,484.1400146484375
2024-06-18 15:30:00+00:00,484.6025085449219
2024-06-18 16:30:00+00:00,485.55999755859375
2024-06-18 17:30:00+00:00,484.8599853515625
2024-06-18 18:30:00+00:00,485.04998779296875
2024-06-18 19:30:00+00:00,485.2300109863281
2024-06-20 13:30:00+00:00,484.5899963378906
2024-06-20 14:30:00+00:00,485.1014099121094
2024-06-20 15:30:00+00:00,482.1099853515625
2024-06-20 16:30:00+00:00,480.80999755859375
2024-06-20 17:30:00+00:00,482.2699890136719
2024-06-20 18:30:00+00:00,481.2900085449219
2024-06-20 19:30:00+00:00,481.3800048828125
2024-06-21 13:30:00+00:00,479.9200134277344
2024-06-21 14:30:00+00:00,480.7099914550781
2024-06-21 15:30:00+00:00,481.82000732421875
2024-06-21 16:30:00+00:00,480.16400146484375
2024-06-21 17:30:00+00:00,480.7699890136719
2024-06-21 18:30:00+00:00,480.6199951171875
2024-06-21 19:30:00+00:00,480.0799865722656
2024-06-24 13:30:00+00:00,477.4700012207031
2024-06-24 14:30:00+00:00,477.9100036621094
2024-06-24 15:30:00+00:00,477.69000244140625
2024-06-24 16:30:00+00:00,475.70849609375
2024-06-24 17:30:00+00:00,474.8299865722656
2024-06-24 18:30:00+00:00,476.05029296875
2024-06-24 19:30:00+00:00,473.9100036621094
2024-06-25 13:30:00+00:00,477.260009765625
2024-06-25 14:30:00+00:00,478.5
2024-06-25 15:30:00+00:00,478.2099914550781
2024-06-25 16:30:00+00:00,477.67999267578125
2024-06-25 17:30:00+00:00,479.2650146484375
2024-06-25 18:30:00+00:00,479.6499938964844
2024-06-25 19:30:00+00:00,479.3500061035156
2024-06-26 13:30:00+00:00,479.29010009765625
2024-06-26 14:30:00+00:00,479.2499084472656
2024-06-26 15:30:00+00:00,480.3301086425781
2024-06-26 16:30:00+00:00,479.340087890625
2024-06-26 17:30:00+00:00,479.54998779296875
2024-06-26 18:30:00+00:00,479.3100891113281
2024-06-26 19:30:00+00:00,480.3900146484375
2024-06-27 13:30:00+00:00,482.239990234375
2024-06-27 14:30:00+00:00,480.21771240234375
2024-06-27 15:30:00+00:00,481.1400146484375
2024-06-27 16:30:00+00:00,481.69000244140625
2024-06-27 17:30:00+00:00,480.67999267578125
2024-06-27 18:30:00+00:00,481.69000244140625
2024-06-27 19:30:00+00:00,481.54998779296875
2024-06-28 13:30:00+00:00,485.7900085449219
2024-06-28 14:30:00+00:00,483.1485900878906
2024-06-28 15:30:00+00:00,482.4200134277344
2024-06-28 16:30:00+00:00,481.9100036621094
2024-06-28 17:30:00+00:00,481.03009033203125
2024-06-28 18:30:00+00:00,480.489990234375
2024-06-28 19:30:00+00:00,478.989990234375
2024-07-01 13:30:00+00:00,479.17999267578125
2024-07-01 14:30:00+00:00,479.5805969238281
2024-07-01 15:30:00+00:00,481.17999267578125
2024-07-01 16:30:00+00:00,480.8900146484375
2024-07-01 17:30:00+00:00,480.9100036621094
2024-07-01 18:30:00+00:00,480.92999267578125
2024-07-01 19:30:00+00:00,481.94000244140625
2024-07-02 13:30:00+00:00,482.239990234375
2024-07-02 14:30:00+00:00,483.79998779296875
2024-07-02 15:30:00+00:00,483.340087890625
2024-07-02 16:30:00+00:00,485.0299987792969
2024-07-02 17:30:00+00:00,486.1498107910156
2024-07-02 18:30:00+00:00,486.2200012207031
2024-07-02 19:30:00+00:00,487.0299987792969
2024-07-03 13:30:00+00:00,487.29998779296875
2024-07-03 14:30:00+00:00,489.32000732421875
2024-07-03 15:30:00+00:00,491.1612854003906
2024-07-05 13:30:00+00:00,493.6700134277344
2024-07-05 14:30:00+00:00,494.67999267578125
2024-07-05 15:30:00+00:00,495.989990234375
2024-07-05 16:30:00+00:00,495.960693359375
2024-07-05 17:30:00+00:00,495.67840576171875
2024-07-05 18:30:00+00:00,496.17401123046875
2024-07-05 19:30:00+00:00,496.239990234375
2024-07-08 13:30:00+00:00,496.3399963378906
2024-07-08 14:30:00+00:00,497.2650146484375
2024-07-08 15:30:00+00:00,496.3399963378906
2024-07-08 16:30:00+00:00,497.0
2024-07-08 17:30:00+00:00,497.0472106933594
2024-07-08 18:30:00+00:00,496.3949890136719
2024-07-08 19:30:00+00:00,497.3900146484375
2024-07-09 13:30:00+00:00,498.3800048828125
2024-07-09 14:30:00+00:00,497.989990234375
2024-07-09 15:30:00+00:00,498.260009765625
2024-07-09 16:30:00+00:00,496.6405029296875
2024-07-09 17:30:00+00:00,497.0404052734375
2024-07-09 18:30:00+00:00,497.42999267578125
2024-07-09 19:30:00+00:00,497.7699890136719
2024-07-10 13:30:00+00:00,500.0400085449219
2024-07-10 14:30:00+00:00,499.595703125
2024-07-10 15:30:00+00:00,501.05999755859375
2024-07-10 16:30:00+00:00,501.9840087890625
2024-07-10 17:30:00+00:00,502.3100891113281
2024-07-10 18:30:00+00:00,502.3955993652344
2024-07-10 19:30:00+00:00,502.9700012207031
2024-07-11 13:30:00+00:00,498.2037048339844
2024-07-11 14:30:00+00:00,494.4549865722656
2024-07-11 15:30:00+00:00,493.92498779296875
2024-07-11 16:30:00+00:00,493.2699890136719
2024-07-11 17:30:00+00:00,491.5299987792969
2024-07-11 18:30:00+00:00,492.1300048828125
2024-07-11 19:30:00+00:00,491.9100036621094
2024-07-12 13:30:00+00:00,495.0299987792969
2024-07-12 14:30:00+00:00,497.5799865722656
2024-07-12 15:30:00+00:00,495.8800964355469
2024-07-12 16:30:00+00:00,497.8900146484375
2024-07-12 17:30:00+00:00,498.7099914550781
2024-07-12 18:30:00+00:00,498.1000061035156
2024-07-12 19:30:00+00:00,494.8699951171875
2024-07-15 13:30:00+00:00,498.30999755859375
2024-07-15 14:30:00+00:00,499.8699951171875
2024-07-15 15:30:00+00:00,497.8500061035156
2024-07-15 16:30:00+00:00,496.489990234375
2024-07-15 17:30:00+00:00,496.3699951171875
2024-07-15 18:30:00+00:00,496.8550109863281
2024-07-15 19:30:00+00:00,496.1600036621094
2024-07-16 13:30:00+00:00,494.5299987792969
2024-07-16 14:30:00+00:00,495.3599853515625
2024-07-16 15:30:00+00:00,493.67999267578125
2024-07-16 16:30:00+00:00,494.260009765625
2024-07-16 17:30:00+00:00,494.7950134277344
2024-07-16 18:30:00+00:00,495.8599853515625
2024-07-16 19:30:00+00:00,496.3900146484375
2024-07-17 13:30:00+00:00,485.1499938964844
2024-07-17 14:30:00+00:00,485.1600036621094
2024-07-17 15:30:00+00:00,482.8599853515625
2024-07-17 16:30:00+00:00,483.1300048828125
2024-07-17 17:30:00+00:00,483.42999267578125
2024-07-17 18:30:00+00:00,483.3399963378906
2024-07-17 19:30:00+00:00,481.79998779296875
2024-07-18 13:30:00+00:00,483.2380065917969
2024-07-18 14:30:00+00:00,477.760009765625
2024-07-18 15:30:00+00:00,478.0299987792969
2024-07-18 16:30:00+00:00,479.7200012207031
2024-07-18 17:30:00+00:00,478.4798889160156
2024-07-18 18:30:00+00:00,477.82000732421875
2024-07-18 19:30:00+00:00,479.5299987792969
2024-07-19 13:30:00+00:00,477.5199890136719
2024-07-19 14:30:00+00:00,476.197998046875
2024-07-19 15:30:00+00:00,476.20001220703125
2024-07-19 16:30:00+00:00,474.8500061035156
2024-07-19 17:30:00+00:00,474.9065856933594
2024-07-19 18:30:00+00:00,476.6499938964844
2024-07-19 19:30:00+00:00,475.239990234375
2024-07-22 13:30:00+00:00,481.3349914550781
2024-07-22 14:30:00+00:00,478.4200134277344
2024-07-22 15:30:00+00:00,479.6900939941406
2024-07-22 16:30:00+00:00,481.8200988769531
2024-07-22 17:30:00+00:00,482.82830810546875
2024-07-22 18:30:00+00:00,482.20001220703125
2024-07-22 19:30:00+00:00,482.3299865722656
2024-07-23 13:30:00+00:00,482.8800048828125
2024-07-23 14:30:00+00:00,483.92999267578125
2024-07-23 15:30:00+00:00,481.6099853515625
2024-07-23 16:30:00+00:00,481.55999755859375
2024-07-23 17:30:00+00:00,481.5
2024-07-23 18:30:00+00:00,482.1650085449219
2024-07-23 19:30:00+00:00,480.6300048828125
2024-07-24 13:30:00+00:00,470.2200012207031
2024-07-24 14:30:00+00:00,468.0299987792969
2024-07-24 15:30:00+00:00,466.4931945800781
2024-07-24 16:30:00+00:00,466.8500061035156
2024-07-24 17:30:00+00:00,465.4599914550781
2024-07-24 18:30:00+00:00,463.7200012207031
2024-07-24 19:30:00+00:00,463.3299865722656
2024-07-25 13:30:00+00:00,460.3599853515625
2024-07-25 14:30:00+00:00,463.39801025390625
2024-07-25 15:30:00+00:00,466.7250061035156
2024-07-25 16:30:00+00:00,464.9198913574219
2024-07-25 17:30:00+00:00,463.875
2024-07-25 18:30:00+00:00,463.7300109863281
2024-07-25 19:30:00+00:00,458.25
2024-07-26 13:30:00+00:00,462.0150146484375
2024-07-26 14:30:00+00:00,461.3900146484375
2024-07-26 15:30:00+00:00,464.3500061035156
2024-07-26 16:30:00+00:00,465.739990234375
2024-07-26 17:30:00+00:00,463.052001953125
2024-07-26 18:30:00+00:00,463.1700134277344
2024-07-26 19:30:00+00:00,463.0
2024-07-29 13:30:00+00:00,465.9150085449219
2024-07-29 14:30:00+00:00,463.3900146484375
2024-07-29 15:30:00+00:00,466.0899963378906
2024-07-29 16:30:00+00:00,465.05999755859375
2024-07-29 17:30:00+00:00,464.1199951171875
2024-07-29 18:30:00+00:00,464.6199951171875
2024-07-29 19:30:00+00:00,463.8399963378906
2024-07-30 13:30:00+00:00,462.8800964355469
2024-07-30 14:30:00+00:00,459.489990234375
2024-07-30 15:30:00+00:00,457.3699951171875
2024-07-30 16:30:00+00:00,456.70001220703125
2024-07-30 17:30:00+00:00,458.2001037597656
2024-07-30 18:30:00+00:00,457.3398132324219
2024-07-30 19:30:00+00:00,457.3800048828125
2024-07-31 13:30:00+00:00,469.57000732421875
2024-07-31 14:30:00+00:00,470.739990234375
2024-07-31 15:30:00+00:00,469.7799987792969
2024-07-31 16:30:00+00:00,469.57989501953125
2024-07-31 17:30:00+00:00,470.389892578125
2024-07-31 18:30:00+00:00,469.5
2024-07-31 19:30:00+00:00,471.04998779296875
2024-08-01 13:30:00+00:00,469.8699951171875
2024-08-01 14:30:00+00:00,465.4599914550781
2024-08-01 15:30:00+00:00,462.83099365234375
2024-08-01 16:30:00+00:00,459.510009765625
2024-08-01 17:30:00+00:00,457.1600036621094
2024-08-01 18:30:00+00:00,458.57000732421875
2024-08-01 19:30:00+00:00,459.79998779296875
2024-08-02 13:30:00+00:00,446.9800109863281
2024-08-02 14:30:00+00:00,446.75750732421875
2024-08-02 15:30:00+00:00,449.45001220703125
2024-08-02 16:30:00+00:00,446.8900146484375
2024-08-02 17:30:00+00:00,448.55999755859375
2024-08-02 18:30:00+00:00,448.5450134277344
2024-08-02 19:30:00+00:00,448.67999267578125
2024-08-05 13:30:00+00:00,431.9100036621094
2024-08-05 14:30:00+00:00,437.8550109863281
2024-08-05 15:30:00+00:00,442.1600036621094
2024-08-05 16:30:00+00:00,437.5799865722656
2024-08-05 17:30:00+00:00,436.2099914550781
2024-08-05 18:30:00+00:00,434.8599853515625
2024-08-05 19:30:00+00:00,435.75
2024-08-06 13:30:00+00:00,439.30999755859375
2024-08-06 14:30:00+00:00,439.8900146484375
2024-08-06 15:30:00+00:00,443.45001220703125
2024-08-06 16:30:00+00:00,445.6300048828125
2024-08-06 17:30:00+00:00,446.42999267578125
2024-08-06 18:30:00+00:00,443.6600036621094
2024-08-06 19:30:00+00:00,439.55999755859375
2024-08-07 13:30:00+00:00,445.8909912109375
2024-08-07 14:30:00+00:00,446.79998779296875
2024-08-07 15:30:00+00:00,444.7898864746094
2024-08-07 16:30:00+00:00,440.3598937988281
2024-08-07 17:30:00+00:00,437.4800109863281
2024-08-07 18:30:00+00:00,437.70001220703125
2024-08-07 19:30:00+00:00,434.82000732421875
2024-08-08 13:30:00+00:00,444.75
2024-08-08 14:30:00+00:00,444.7799987792969
2024-08-08 15:30:00+00:00,446.1348876953125
2024-08-08 16:30:00+00:00,447.54998779296875
2024-08-08 17:30:00+00:00,447.9494934082031
2024-08-08 18:30:00+00:00,446.260009765625
2024-08-08 19:30:00+00:00,448.20001220703125
2024-08-09 13:30:00+00:00,447.7699890136719
2024-08-09 14:30:00+00:00,448.07000732421875
2024-08-09 15:30:00+00:00,447.4700012207031
2024-08-09 16:30:00+00:00,451.6400146484375
2024-08-09 17:30:00+00:00,449.9800109863281
2024-08-09 18:30:00+00:00,450.4800109863281
2024-08-09 19:30:00+00:00,450.5299987792969
2024-08-12 13:30:00+00:00,452.7099914550781
2024-08-12 14:30:00+00:00,451.1300048828125
2024-08-12 15:30:00+00:00,452.67498779296875
2024-08-12 16:30:00+00:00,451.6549987792969
2024-08-12 17:30:00+00:00,450.92999267578125
2024-08-12 18:30:00+00:00,450.8800048828125
2024-08-12 19:30:00+00:00,451.4700012207031
2024-08-13 13:30:00+00:00,457.7898864746094
2024-08-13 14:30:00+00:00,459.3299865722656
2024-08-13 15:30:00+00:00,460.4100036621094
2024-08-13 16:30:00+00:00,461.739990234375
2024-08-13 17:30:00+00:00,461.760009765625
2024-08-13 18:30:00+00:00,461.55999755859375
2024-08-13 19:30:00+00:00,462.6000061035156
2024-08-14 13:30:00+00:00,460.3949890136719
2024-08-14 14:30:00+00:00,462.79998779296875
2024-08-14 15:30:00+00:00,461.9649963378906
2024-08-14 16:30:00+00:00,462.25
2024-08-14 17:30:00+00:00,462.30999755859375
2024-08-14 18:30:00+00:00,461.5899963378906
2024-08-14 19:30:00+00:00,462.82000732421875
2024-08-15 13:30:00+00:00,471.7099914550781
2024-08-15 14:30:00+00:00,472.3399963378906
2024-08-15 15:30:00+00:00,473.909912109375
2024-08-15 16:30:00+00:00,473.3399963378906
2024-08-15 17:30:00+00:00,474.2799987792969
2024-08-15 18:30:00+00:00,474.2900085449219
2024-08-15 19:30:00+00:00,474.5
2024-08-16 13:30:00+00:00,474.239990234375
2024-08-16 14:30:00+00:00,473.2900085449219
2024-08-16 15:30:00+00:00,475.30999755859375
2024-08-16 16:30:00+00:00,475.8699951171875
2024-08-16 17:30:00+00:00,475.29998779296875
2024-08-16 18:30:00+00:00,475.0
2024-08-16 19:30:00+00:00,475.0199890136719
2024-08-19 13:30:00+00:00,475.32000732421875
2024-08-19 14:30:00+00:00,476.4399108886719
2024-08-19 15:30:00+00:00,476.57110595703125
2024-08-19 16:30:00+00:00,477.2774963378906
2024-08-19 17:30:00+00:00,478.4649963378906
2024-08-19 18:30:00+00:00,479.4700927734375
2024-08-19 19:30:00+00:00,481.2699890136719
2024-08-20 13:30:00+00:00,480.5
2024-08-20 14:30:00+00:00,479.70001220703125
2024-08-20 15:30:00+00:00,480.19500732421875
2024-08-20 16:30:00+00:00,479.6400146484375
2024-08-20 17:30:00+00:00,481.1393127441406
2024-08-20 18:30:00+00:00,480.489990234375
2024-08-20 19:30:00+00:00,480.20001220703125
2024-08-21 13:30:00+00:00,481.8221130371094
2024-08-21 14:30:00+00:00,481.5740051269531
2024-08-21 15:30:00+00:00,480.9599914550781
2024-08-21 16:30:00+00:00,481.340087890625
2024-08-21 17:30:00+00:00,483.1889953613281
2024-08-21 18:30:00+00:00,481.68011474609375
2024-08-21 19:30:00+00:00,482.5299987792969
2024-08-22 13:30:00+00:00,482.9419860839844
2024-08-22 14:30:00+00:00,480.3450012207031
2024-08-22 15:30:00+00:00,480.42999267578125
2024-08-22 16:30:00+00:00,477.9198913574219
2024-08-22 17:30:00+00:00,476.7250061035156
2024-08-22 18:30:00+00:00,474.7799987792969
2024-08-22 19:30:00+00:00,474.8299865722656
2024-08-23 13:30:00+00:00,482.1874084472656
2024-08-23 14:30:00+00:00,479.6099853515625
2024-08-23 15:30:00+00:00,476.94000244140625
2024-08-23 16:30:00+00:00,478.4700012207031
2024-08-23 17:30:00+00:00,479.0799865722656
2024-08-23 18:30:00+00:00,480.2449951171875
2024-08-23 19:30:00+00:00,480.0199890136719
2024-08-26 13:30:00+00:00,475.95001220703125
2024-08-26 14:30:00+00:00,475.760009765625
2024-08-26 15:30:00+00:00,475.9150085449219
2024-08-26 16:30:00+00:00,475.3800048828125
2024-08-26 17:30:00+00:00,475.0
2024-08-26 18:30:00+00:00,475.18499755859375
2024-08-26 19:30:00+00:00,475.3299865722656
2024-08-27 13:30:00+00:00,476.2799987792969
2024-08-27 14:30:00+00:00,476.17999267578125
2024-08-27 15:30:00+00:00,476.1299133300781
2024-08-27 16:30:00+00:00,477.23089599609375
2024-08-27 17:30:00+00:00,477.0899963378906
2024-08-27 18:30:00+00:00,476.75
2024-08-27 19:30:00+00:00,476.8299865722656
2024-08-28 13:30:00+00:00,475.1700134277344
2024-08-28 14:30:00+00:00,470.4700012207031
2024-08-28 15:30:00+00:00,470.760009765625
2024-08-28 16:30:00+00:00,471.5199890136719
2024-08-28 17:30:00+00:00,469.07000732421875
2024-08-28 18:30:00+00:00,472.1600036621094
2024-08-28 19:30:00+00:00,471.2799987792969
2024-08-29 13:30:00+00:00,475.69659423828125
2024-08-29 14:30:00+00:00,476.3800048828125
2024-08-29 15:30:00+00:00,477.32000732421875
2024-08-29 16:30:00+00:00,476.1300048828125
2024-08-29 17:30:00+00:00,473.2745056152344
2024-08-29 18:30:00+00:00,470.989990234375
2024-08-29 19:30:00+00:00,470.70001220703125
2024-08-30 13:30:00+00:00,474.7950134277344
2024-08-30 14:30:00+00:00,472.80999755859375
2024-08-30 15:30:00+00:00,471.6549987792969
2024-08-30 16:30:00+00:00,472.7699890136719
2024-08-30 17:30:00+00:00,473.0199890136719
2024-08-30 18:30:00+00:00,475.1300964355469
2024-08-30 19:30:00+00:00,476.3900146484375
2024-09-03 13:30:00+00:00,469.30999755859375
2024-09-03 14:30:00+00:00,466.3949890136719
2024-09-03 15:30:00+00:00,465.6700134277344
2024-09-03 16:30:00+00:00,465.760009765625
2024-09-03 17:30:00+00:00,462.4800109863281
2024-09-03 18:30:00+00:00,462.4200134277344
2024-09-03 19:30:00+00:00,461.82000732421875
2024-09-04 13:30:00+00:00,461.45001220703125
2024-09-04 14:30:00+00:00,461.9800109863281
2024-09-04 15:30:00+00:00,462.7799987792969
2024-09-04 16:30:00+00:00,462.1499938964844
2024-09-04 17:30:00+00:00,462.0246887207031
2024-09-04 18:30:00+00:00,460.82000732421875
2024-09-04 19:30:00+00:00,460.6000061035156
2024-09-05 13:30:00+00:00,464.2893981933594
2024-09-05 14:30:00+00:00,458.54998779296875
2024-09-05 15:30:00+00:00,460.4100036621094
2024-09-05 16:30:00+00:00,459.1000061035156
2024-09-05 17:30:00+00:00,461.54998779296875
2024-09-05 18:30:00+00:00,460.8599853515625
2024-09-05 19:30:00+00:00,461.1400146484375
2024-09-06 13:30:00+00:00,453.3399963378906
2024-09-06 14:30:00+00:00,450.0299987792969
2024-09-06 15:30:00+00:00,448.66009521484375
2024-09-06 16:30:00+00:00,449.7099914550781
2024-09-06 17:30:00+00:00,448.80999755859375
2024-09-06 18:30:00+00:00,450.1600036621094
2024-09-06 19:30:00+00:00,448.8699951171875
2024-09-09 13:30:00+00:00,452.8699951171875
2024-09-09 14:30:00+00:00,451.5545959472656
2024-09-09 15:30:00+00:00,454.1820068359375
2024-09-09 16:30:00+00:00,455.1199951171875
2024-09-09 17:30:00+00:00,452.2799987792969
2024-09-09 18:30:00+00:00,453.4599914550781
2024-09-09 19:30:00+00:00,454.510009765625
2024-09-10 13:30:00+00:00,456.79998779296875
2024-09-10 14:30:00+00:00,456.6700134277344
2024-09-10 15:30:00+00:00,453.45001220703125
2024-09-10 16:30:00+00:00,456.0199890136719
2024-09-10 17:30:00+00:00,457.92999267578125
2024-09-10 18:30:00+00:00,458.7112121582031
2024-09-10 19:30:00+00:00,458.6700134277344
2024-09-11 13:30:00+00:00,453.8900146484375
2024-09-11 14:30:00+00:00,454.69610595703125
2024-09-11 15:30:00+00:00,460.1000061035156
2024-09-11 16:30:00+00:00,461.9200134277344
2024-09-11 17:30:00+00:00,465.1300048828125
2024-09-11 18:30:00+00:00,467.0899963378906
2024-09-11 19:30:00+00:00,468.45001220703125
2024-09-12 13:30:00+00:00,470.5299072265625
2024-09-12 14:30:00+00:00,469.3399963378906
2024-09-12 15:30:00+00:00,470.04998779296875
2024-09-12 16:30:00+00:00,472.20001220703125
2024-09-12 17:30:00+00:00,473.7699890136719
2024-09-12 18:30:00+00:00,473.1400146484375
2024-09-12 19:30:00+00:00,473.239990234375
2024-09-13 13:30:00+00:00,473.75
2024-09-13 14:30:00+00:00,475.15008544921875
2024-09-13 15:30:00+00:00,474.6163024902344
2024-09-13 16:30:00+00:00,476.2200012207031
2024-09-13 17:30:00+00:00,474.9800109863281
2024-09-13 18:30:00+00:00,475.3797912597656
2024-09-13 19:30:00+00:00,475.3800048828125
2024-09-16 13:30:00+00:00,472.0578918457031
2024-09-16 14:30:00+00:00,471.92999267578125
2024-09-16 15:30:00+00:00,471.45001220703125
2024-09-16 16:30:00+00:00,471.9599914550781
2024-09-16 17:30:00+00:00,473.1000061035156
2024-09-16 18:30:00+00:00,472.7699890136719
2024-09-16 19:30:00+00:00,473.2200012207031
2024-09-17 13:30:00+00:00,476.3699951171875
2024-09-17 14:30:00+00:00,475.54998779296875
2024-09-17 15:30:00+00:00,473.7799987792969
2024-09-17 16:30:00+00:00,473.4599914550781
2024-09-17 17:30:00+00:00,473.0299987792969
2024-09-17 18:30:00+00:00,472.79998779296875
2024-09-17 19:30:00+00:00,473.510009765625
2024-09-18 13:30:00+00:00,473.9888000488281
2024-09-18 14:30:00+00:00,473.1650085449219
2024-09-18 15:30:00+00:00,473.3099060058594
2024-09-18 16:30:00+00:00,474.1099853515625
2024-09-18 17:30:00+00:00,476.7467041015625
2024-09-18 18:30:00+00:00,475.1499938964844
2024-09-18 19:30:00+00:00,471.32000732421875
2024-09-19 13:30:00+00:00,484.489990234375
2024-09-19 14:30:00+00:00,484.6199951171875
2024-09-19 15:30:00+00:00,485.2099914550781
2024-09-19 16:30:00+00:00,485.2611083984375
2024-09-19 17:30:00+00:00,485.07000732421875
2024-09-19 18:30:00+00:00,483.9599914550781
2024-09-19 19:30:00+00:00,483.4100036621094
2024-09-20 13:30:00+00:00,481.67498779296875
2024-09-20 14:30:00+00:00,479.42999267578125
2024-09-20 15:30:00+00:00,482.0799865722656
2024-09-20 16:30:00+00:00,481.7799987792969
2024-09-20 17:30:00+00:00,480.6099853515625
2024-09-20 18:30:00+00:00,482.6195983886719
2024-09-20 19:30:00+00:00,482.42999267578125
2024-09-23 13:30:00+00:00,483.5450134277344
2024-09-23 14:30:00+00:00,483.3599853515625
2024-09-23 15:30:00+00:00,482.69000244140625
2024-09-23 16:30:00+00:00,482.1600036621094
2024-09-23 17:30:00+00:00,482.7699890136719
2024-09-23 18:30:00+00:00,482.989990234375
2024-09-23 19:30:00+00:00,483.0199890136719
2024-09-24 13:30:00+00:00,480.9700012207031
2024-09-24 14:30:00+00:00,483.9700012207031
2024-09-24 15:30:00+00:00,485.70001220703125
2024-09-24 16:30:00+00:00,485.30999755859375
2024-09-24 17:30:00+00:00,484.7200012207031
2024-09-24 18:30:00+00:00,484.8700866699219
2024-09-24 19:30:00+00:00,485.3500061035156
2024-09-25 13:30:00+00:00,486.70001220703125
2024-09-25 14:30:00+00:00,486.1400146484375
2024-09-25 15:30:00+00:00,486.30999755859375
2024-09-25 16:30:00+00:00,485.6506042480469
2024-09-25 17:30:00+00:00,486.0398864746094
2024-09-25 18:30:00+00:00,485.6499938964844
2024-09-25 19:30:00+00:00,485.92999267578125
2024-09-26 13:30:00+00:00,489.5899963378906
2024-09-26 14:30:00+00:00,487.4549865722656
2024-09-26 15:30:00+00:00,487.3999938964844
2024-09-26 16:30:00+00:00,487.2720031738281
2024-09-26 17:30:00+00:00,489.57000732421875
2024-09-26 18:30:00+00:00,489.5799865722656
2024-09-26 19:30:00+00:00,489.44000244140625
2024-09-27 13:30:00+00:00,488.8949890136719
2024-09-27 14:30:00+00:00,487.8699951171875
2024-09-27 15:30:00+00:00,487.4800109863281
2024-09-27 16:30:00+00:00,487.0150146484375
2024-09-27 17:30:00+00:00,486.2099914550781
2024-09-27 18:30:00+00:00,487.1600036621094
2024-09-27 19:30:00+00:00,486.7799987792969
2024-09-30 13:30:00+00:00,485.9200134277344
2024-09-30 14:30:00+00:00,486.8900146484375
2024-09-30 15:30:00+00:00,487.1499938964844
2024-09-30 16:30:00+00:00,485.7200012207031
2024-09-30 17:30:00+00:00,483.7850036621094
2024-09-30 18:30:00+00:00,485.1991882324219
2024-09-30 19:30:00+00:00,488.04998779296875
2024-10-01 13:30:00+00:00,479.5299987792969
2024-10-01 14:30:00+00:00,479.2149963378906
2024-10-01 15:30:00+00:00,480.614990234375
2024-10-01 16:30:00+00:00,478.2099914550781
2024-10-01 17:30:00+00:00,483.05999755859375
2024-10-01 18:30:00+00:00,482.5950012207031
2024-10-01 19:30:00+00:00,481.1700134277344
2024-10-02 13:30:00+00:00,481.8999938964844
2024-10-02 14:30:00+00:00,483.07000732421875
2024-10-02 15:30:00+00:00,483.3800048828125
2024-10-02 16:30:00+00:00,482.19000244140625
2024-10-02 17:30:00+00:00,482.2699890136719
2024-10-02 18:30:00+00:00,482.8500061035156
2024-10-02 19:30:00+00:00,481.94000244140625
2024-10-03 13:30:00+00:00,481.0
2024-10-03 14:30:00+00:00,481.69500732421875
2024-10-03 15:30:00+00:00,482.57000732421875
2024-10-03 16:30:00+00:00,480.5566101074219
2024-10-03 17:30:00+00:00,480.70989990234375
2024-10-03 18:30:00+00:00,480.0404052734375
2024-10-03 19:30:00+00:00,481.6199951171875
2024-10-04 13:30:00+00:00,482.9599914550781
2024-10-04 14:30:00+00:00,483.510009765625
2024-10-04 15:30:00+00:00,484.510009765625
2024-10-04 16:30:00+00:00,485.4700012207031
2024-10-04 17:30:00+00:00,485.489990234375
2024-10-04 18:30:00+00:00,486.6711120605469
2024-10-04 19:30:00+00:00,487.489990234375
2024-10-07 13:30:00+00:00,486.3699951171875
2024-10-07 14:30:00+00:00,485.9700012207031
2024-10-07 15:30:00+00:00,485.7799987792969
2024-10-07 16:30:00+00:00,485.1400146484375
2024-10-07 17:30:00+00:00,484.6499938964844
2024-10-07 18:30:00+00:00,482.010009765625
2024-10-07 19:30:00+00:00,482.05999755859375
2024-10-08 13:30:00+00:00,486.5325012207031
2024-10-08 14:30:00+00:00,487.6499938964844
2024-10-08 15:30:00+00:00,487.7749938964844
2024-10-08 16:30:00+00:00,486.8399963378906
2024-10-08 17:30:00+00:00,487.7900085449219
2024-10-08 18:30:00+00:00,489.0299987792969
2024-10-08 19:30:00+00:00,489.3299865722656
2024-10-09 13:30:00+00:00,490.4200134277344
2024-10-09 14:30:00+00:00,491.4693908691406
2024-10-09 15:30:00+00:00,492.0849914550781
2024-10-09 16:30:00+00:00,492.239990234375
2024-10-09 17:30:00+00:00,493.1090087890625
2024-10-09 18:30:00+00:00,492.5799865722656
2024-10-09 19:30:00+00:00,493.17999267578125
2024-10-10 13:30:00+00:00,491.9570007324219
2024-10-10 14:30:00+00:00,492.6789855957031
2024-10-10 15:30:00+00:00,493.5400085449219
2024-10-10 16:30:00+00:00,493.30999755859375
2024-10-10 17:30:00+00:00,492.0400085449219
2024-10-10 18:30:00+00:00,492.2850036621094
2024-10-10 19:30:00+00:00,492.6000061035156
2024-10-11 13:30:00+00:00,493.510009765625
2024-10-11 14:30:00+00:00,492.8399963378906
2024-10-11 15:30:00+00:00,493.1400146484375
2024-10-11 16:30:00+00:00,493.1300048828125
2024-10-11 17:30:00+00:00,493.5299072265625
2024-10-11 18:30:00+00:00,494.1000061035156
2024-10-11 19:30:00+00:00,493.3399963378906
2024-10-14 13:30:00+00:00,497.9700012207031
2024-10-14 14:30:00+00:00,495.7590026855469
2024-10-14 15:30:00+00:00,497.1000061035156
2024-10-14 16:30:00+00:00,497.1600036621094
2024-10-14 17:30:00+00:00,497.3399963378906
2024-10-14 18:30:00+00:00,497.9049987792969
2024-10-14 19:30:00+00:00,497.5
2024-10-15 13:30:00+00:00,495.0
2024-10-15 14:30:00+00:00,492.17999267578125
2024-10-15 15:30:00+00:00,491.8500061035156
2024-10-15 16:30:00+00:00,491.0299987792969
2024-10-15 17:30:00+00:00,491.32000732421875
2024-10-15 18:30:00+00:00,489.6549987792969
2024-10-15 19:30:00+00:00,490.7799987792969
2024-10-16 13:30:00+00:00,490.6000061035156
2024-10-16 14:30:00+00:00,490.1400146484375
2024-10-16 15:30:00+00:00,489.8949890136719
2024-10-16 16:30:00+00:00,490.1000061035156
2024-10-16 17:30:00+00:00,491.489990234375
2024-10-16 18:30:00+00:00,490.970703125
2024-10-16 19:30:00+00:00,490.9200134277344
2024-10-17 13:30:00+00:00,493.29998779296875
2024-10-17 14:30:00+00:00,493.5899963378906
2024-10-17 15:30:00+00:00,494.2850036621094
2024-10-17 16:30:00+00:00,494.04998779296875
2024-10-17 17:30:00+00:00,492.1400146484375
2024-10-17 18:30:00+00:00,491.8299865722656
2024-10-17 19:30:00+00:00,491.3500061035156
2024-10-18 13:30:00+00:00,494.8999938964844
2024-10-18 14:30:00+00:00,495.19000244140625
2024-10-18 15:30:00+00:00,493.9949951171875
2024-10-18 16:30:00+00:00,494.69000244140625
2024-10-18 17:30:00+00:00,494.94000244140625
2024-10-18 18:30:00+00:00,494.70001220703125
2024-10-18 19:30:00+00:00,494.510009765625
2024-10-21 13:30:00+00:00,495.1499938964844
2024-10-21 14:30:00+00:00,491.6513977050781
2024-10-21 15:30:00+00:00,493.57000732421875
2024-10-21 16:30:00+00:00,494.2900085449219
2024-10-21 17:30:00+00:00,494.21270751953125
2024-10-21 18:30:00+00:00,494.45001220703125
2024-10-21 19:30:00+00:00,495.4700012207031
2024-10-22 13:30:00+00:00,494.7500915527344
2024-10-22 14:30:00+00:00,494.5350036621094
2024-10-22 15:30:00+00:00,493.57000732421875
2024-10-22 16:30:00+00:00,495.0849914550781
2024-10-22 17:30:00+00:00,496.2799987792969
2024-10-22 18:30:00+00:00,496.1600036621094
2024-10-22 19:30:00+00:00,496.0299987792969
2024-10-23 13:30:00+00:00,493.1919860839844
2024-10-23 14:30:00+00:00,490.5824890136719
2024-10-23 15:30:00+00:00,489.37799072265625
2024-10-23 16:30:00+00:00,487.7132873535156
2024-10-23 17:30:00+00:00,486.0799865722656
2024-10-23 18:30:00+00:00,487.5849914550781
2024-10-23 19:30:00+00:00,488.3699951171875
2024-10-24 13:30:00+00:00,490.7300109863281
2024-10-24 14:30:00+00:00,491.3699951171875
2024-10-24 15:30:00+00:00,491.0098876953125
2024-10-24 16:30:00+00:00,491.7699890136719
2024-10-24 17:30:00+00:00,491.92999267578125
2024-10-24 18:30:00+00:00,492.5400085449219
2024-10-24 19:30:00+00:00,492.3299865722656
2024-10-25 13:30:00+00:00,499.95001220703125
2024-10-25 14:30:00+00:00,498.57000732421875
2024-10-25 15:30:00+00:00,499.21990966796875
2024-10-25 16:30:00+00:00,496.95001220703125
2024-10-25 17:30:00+00:00,496.2401123046875
2024-10-25 18:30:00+00:00,495.7349853515625
2024-10-25 19:30:00+00:00,495.260009765625
2024-10-28 13:30:00+00:00,497.79010009765625
2024-10-28 14:30:00+00:00,496.864990234375
2024-10-28 15:30:00+00:00,496.80999755859375
2024-10-28 16:30:00+00:00,496.3299865722656
2024-10-28 17:30:00+00:00,496.2298889160156
2024-10-28 18:30:00+00:00,496.125
2024-10-28 19:30:00+00:00,495.3699951171875
2024-10-29 13:30:00+00:00,496.4700012207031
2024-10-29 14:30:00+00:00,497.7799987792969
2024-10-29 15:30:00+00:00,498.2300109863281
2024-10-29 16:30:00+00:00,499.4150085449219
2024-10-29 17:30:00+00:00,500.1600036621094
2024-10-29 18:30:00+00:00,501.2349853515625
2024-10-29 19:30:00+00:00,500.1400146484375
2024-10-30 13:30:00+00:00,500.1050109863281
2024-10-30 14:30:00+00:00,499.94000244140625
2024-10-30 15:30:00+00:00,499.1499938964844
2024-10-30 16:30:00+00:00,498.4200134277344
2024-10-30 17:30:00+00:00,497.8699951171875
2024-10-30 18:30:00+00:00,497.239990234375
2024-10-30 19:30:00+00:00,496.3800048828125
2024-10-31 13:30:00+00:00,486.9700012207031
2024-10-31 14:30:00+00:00,485.94000244140625
2024-10-31 15:30:00+00:00,485.7099914550781
2024-10-31 16:30:00+00:00,485.2699890136719
2024-10-31 17:30:00+00:00,484.5400085449219
2024-10-31 18:30:00+00:00,485.5299987792969
2024-10-31 19:30:00+00:00,483.8900146484375
2024-11-01 13:30:00+00:00,490.3497009277344
2024-11-01 14:30:00+00:00,490.6499938964844
2024-11-01 15:30:00+00:00,489.239990234375
2024-11-01 16:30:00+00:00,489.7799987792969
2024-11-01 17:30:00+00:00,487.739990234375
2024-11-01 18:30:00+00:00,487.6600036621094
2024-11-01 19:30:00+00:00,487.3999938964844
2024-11-04 14:30:00+00:00,488.340087890625
2024-11-04 15:30:00+00:00,488.2200012207031
2024-11-04 16:30:00+00:00,486.67999267578125
2024-11-04 17:30:00+00:00,487.25
2024-11-04 18:30:00+00:00,487.1600036621094
2024-11-04 19:30:00+00:00,486.77069091796875
2024-11-04 20:30:00+00:00,485.9599914550781
2024-11-05 14:30:00+00:00,490.3500061035156
2024-11-05 15:30:00+00:00,491.1199951171875
2024-11-05 16:30:00+00:00,492.3299865722656
2024-11-05 17:30:00+00:00,491.6799011230469
2024-11-05 18:30:00+00:00,491.5701904296875
2024-11-05 19:30:00+00:00,491.9599914550781
2024-11-05 20:30:00+00:00,492.25
2024-11-06 14:30:00+00:00,503.19000244140625
2024-11-06 15:30:00+00:00,502.69000244140625
2024-11-06 16:30:00+00:00,503.239990234375
2024-11-06 17:30:00+00:00,504.67999267578125
2024-11-06 18:30:00+00:00,505.32000732421875
2024-11-06 19:30:00+00:00,505.7449951171875
2024-11-06 20:30:00+00:00,505.6199951171875
2024-11-07 14:30:00+00:00,510.9200134277344
2024-11-07 15:30:00+00:00,511.9599914550781
2024-11-07 16:30:00+00:00,512.5599975585938
2024-11-07 17:30:00+00:00,512.4000244140625
2024-11-07 18:30:00+00:00,512.6900024414062
2024-11-07 19:30:00+00:00,513.8200073242188
2024-11-07 20:30:00+00:00,513.5999755859375
2024-11-08 14:30:00+00:00,513.1900024414062
2024-11-08 15:30:00+00:00,513.5999145507812
2024-11-08 16:30:00+00:00,513.4500122070312
2024-11-08 17:30:00+00:00,514.1500244140625
2024-11-08 18:30:00+00:00,514.7899780273438
2024-11-08 19:30:00+00:00,513.8200073242188
2024-11-08 20:30:00+00:00,514.1599731445312
2024-11-11 14:30:00+00:00,513.0800170898438
2024-11-11 15:30:00+00:00,513.5167846679688
2024-11-11 16:30:00+00:00,512.6699829101562
2024-11-11 17:30:00+00:00,511.94000244140625
2024-11-11 18:30:00+00:00,512.3900756835938
2024-11-11 19:30:00+00:00,513.1849975585938
2024-11-11 20:30:00+00:00,513.8300170898438
2024-11-12 14:30:00+00:00,513.75
2024-11-12 15:30:00+00:00,512.860107421875
2024-11-12 16:30:00+00:00,512.33251953125
2024-11-12 17:30:00+00:00,511.44000244140625
2024-11-12 18:30:00+00:00,513.0800170898438
2024-11-12 19:30:00+00:00,512.9400024414062
2024-11-12 20:30:00+00:00,512.9099731445312
2024-11-13 14:30:00+00:00,510.9800109863281
2024-11-13 15:30:00+00:00,512.2999877929688
2024-11-13 16:30:00+00:00,513.0518188476562
2024-11-13 17:30:00+00:00,514.030029296875
2024-11-13 18:30:00+00:00,513.5
2024-11-13 19:30:00+00:00,512.842529296875
2024-11-13 20:30:00+00:00,512.27001953125
2024-11-14 14:30:00+00:00,510.9700012207031
2024-11-14 15:30:00+00:00,511.2666015625
2024-11-14 16:30:00+00:00,510.0799865722656
2024-11-14 17:30:00+00:00,510.8622131347656
2024-11-14 18:30:00+00:00,510.1099853515625
2024-11-14 19:30:00+00:00,509.04998779296875
2024-11-14 20:30:00+00:00,508.6700134277344
2024-11-15 14:30:00+00:00,498.8774108886719
2024-11-15 15:30:00+00:00,498.6600036621094
2024-11-15 16:30:00+00:00,496.61749267578125
2024-11-15 17:30:00+00:00,496.1400146484375
2024-11-15 18:30:00+00:00,494.8799133300781
2024-11-15 19:30:00+00:00,496.239990234375
2024-11-15 20:30:00+00:00,496.4599914550781
2024-11-18 14:30:00+00:00,500.4100036621094
2024-11-18 15:30:00+00:00,501.4849853515625
2024-11-18 16:30:00+00:00,500.54998779296875
2024-11-18 17:30:00+00:00,500.32000732421875
2024-11-18 18:30:00+00:00,499.20989990234375
2024-11-18 19:30:00+00:00,500.45001220703125
2024-11-18 20:30:00+00:00,500.0
2024-11-19 14:30:00+00:00,499.4200134277344
2024-11-19 15:30:00+00:00,501.3399963378906
2024-11-19 16:30:00+00:00,501.39208984375
2024-11-19 17:30:00+00:00,502.3949890136719
2024-11-19 18:30:00+00:00,502.8599853515625
2024-11-19 19:30:00+00:00,503.0299987792969
2024-11-19 20:30:00+00:00,503.3999938964844
2024-11-20 14:30:00+00:00,497.57000732421875
2024-11-20 15:30:00+00:00,498.6499938964844
2024-11-20 16:30:00+00:00,500.2298889160156
2024-11-20 17:30:00+00:00,500.1000061035156
2024-11-20 18:30:00+00:00,498.8299865722656
2024-11-20 19:30:00+00:00,500.8302001953125
2024-11-20 20:30:00+00:00,503.20001220703125
2024-11-21 14:30:00+00:00,497.9100036621094
2024-11-21 15:30:00+00:00,503.9399108886719
2024-11-21 16:30:00+00:00,504.2900085449219
2024-11-21 17:30:00+00:00,505.5350036621094
2024-11-21 18:30:00+00:00,505.18499755859375
2024-11-21 19:30:00+00:00,506.1199035644531
2024-11-21 20:30:00+00:00,504.9800109863281
2024-11-22 14:30:00+00:00,503.239990234375
2024-11-22 15:30:00+00:00,504.1099853515625
2024-11-22 16:30:00+00:00,505.5101013183594
2024-11-22 17:30:00+00:00,505.8399963378906
2024-11-22 18:30:00+00:00,505.2799987792969
2024-11-22 19:30:00+00:00,505.17010498046875
2024-11-22 20:30:00+00:00,505.80999755859375
2024-11-25 14:30:00+00:00,507.95001220703125
2024-11-25 15:30:00+00:00,508.0
2024-11-25 16:30:00+00:00,505.2300109863281
2024-11-25 17:30:00+00:00,506.4100036621094
2024-11-25 18:30:00+00:00,505.989990234375
2024-11-25 19:30:00+00:00,506.0799865722656
2024-11-25 20:30:00+00:00,506.55999755859375
2024-11-26 14:30:00+00:00,508.5
2024-11-26 15:30:00+00:00,508.4599914550781
2024-11-26 16:30:00+00:00,508.1357116699219
2024-11-26 17:30:00+00:00,508.56500244140625
2024-11-26 18:30:00+00:00,507.6700134277344
2024-11-26 19:30:00+00:00,508.42999267578125
2024-11-26 20:30:00+00:00,509.29998779296875
2024-11-27 14:30:00+00:00,504.3299865722656
2024-11-27 15:30:00+00:00,503.1099853515625
2024-11-27 16:30:00+00:00,503.0899963378906
2024-11-27 17:30:00+00:00,504.2099914550781
2024-11-27 18:30:00+00:00,504.9800109863281
2024-11-27 19:30:00+00:00,504.8900146484375
2024-11-27 20:30:00+00:00,505.2799987792969
2024-11-29 14:30:00+00:00,508.6300048828125
2024-11-29 15:30:00+00:00,509.6600036621094
2024-11-29 16:30:00+00:00,509.5
2024-12-02 14:30:00+00:00,514.4000244140625
2024-12-02 15:30:00+00:00,514.4400024414062
2024-12-02 16:30:00+00:00,515.6400146484375
2024-12-02 17:30:00+00:00,515.1217041015625
2024-12-02 18:30:00+00:00,514.5300903320312
2024-12-02 19:30:00+00:00,515.739990234375
2024-12-02 20:30:00+00:00,515.2999877929688
2024-12-03 14:30:00+00:00,514.4400024414062
2024-12-03 15:30:00+00:00,516.219970703125
2024-12-03 16:30:00+00:00,515.0499877929688
2024-12-03 17:30:00+00:00,515.6599731445312
2024-12-03 18:30:00+00:00,515.8099975585938
2024-12-03 19:30:00+00:00,516.3200073242188
2024-12-03 20:30:00+00:00,516.9199829101562
2024-12-04 14:30:00+00:00,521.27001953125
2024-12-04 15:30:00+00:00,521.5599975585938
2024-12-04 16:30:00+00:00,521.8599853515625
2024-12-04 17:30:00+00:00,521.5
2024-12-04 18:30:00+00:00,522.4600830078125
2024-12-04 19:30:00+00:00,522.8200073242188
2024-12-04 20:30:00+00:00,523.25
2024-12-05 14:30:00+00:00,522.8499755859375
2024-12-05 15:30:00+00:00,523.10498046875
2024-12-05 16:30:00+00:00,523.8200073242188
2024-12-05 17:30:00+00:00,522.4299926757812
2024-12-05 18:30:00+00:00,522.3099975585938
2024-12-05 19:30:00+00:00,521.7598876953125
2024-12-05 20:30:00+00:00,521.7999877929688
2024-12-06 14:30:00+00:00,525.9000244140625
2024-12-06 15:30:00+00:00,525.5499877929688
2024-12-06 16:30:00+00:00,525.8800048828125
2024-12-06 17:30:00+00:00,526.5
2024-12-06 18:30:00+00:00,525.52001953125
2024-12-06 19:30:00+00:00,526.2178955078125
2024-12-06 20:30:00+00:00,526.510009765625
2024-12-09 14:30:00+00:00,524.0599975585938
2024-12-09 15:30:00+00:00,522.9299926757812
2024-12-09 16:30:00+00:00,522.8200073242188
2024-12-09 17:30:00+00:00,523.260009765625
2024-12-09 18:30:00+00:00,522.5
2024-12-09 19:30:00+00:00,521.4149780273438
2024-12-09 20:30:00+00:00,522.3699951171875
2024-12-10 14:30:00+00:00,524.2999877929688
2024-12-10 15:30:00+00:00,522.110107421875
2024-12-10 16:30:00+00:00,522.280029296875
2024-12-10 17:30:00+00:00,522.1799926757812
2024-12-10 18:30:00+00:00,521.5999755859375
2024-12-10 19:30:00+00:00,519.6099853515625
2024-12-10 20:30:00+00:00,520.5499877929688
2024-12-11 14:30:00+00:00,527.39501953125
2024-12-11 15:30:00+00:00,529.1699829101562
2024-12-11 16:30:00+00:00,529.5499877929688
2024-12-11 17:30:00+00:00,530.1099853515625
2024-12-11 18:30:00+00:00,530.1400146484375
2024-12-11 19:30:00+00:00,530.5098876953125
2024-12-11 20:30:00+00:00,529.9199829101562
2024-12-12 14:30:00+00:00,528.0493774414062
2024-12-12 15:30:00+00:00,528.2698974609375
2024-12-12 16:30:00+00:00,528.2650146484375
2024-12-12 17:30:00+00:00,528.5599975585938
2024-12-12 18:30:00+00:00,527.1199951171875
2024-12-12 19:30:00+00:00,526.7299194335938
2024-12-12 20:30:00+00:00,526.5
2024-12-13 14:30:00+00:00,530.6300048828125
2024-12-13 15:30:00+00:00,528.0701293945312
2024-12-13 16:30:00+00:00,528.0900268554688
2024-12-13 17:30:00+00:00,529.1300048828125
2024-12-13 18:30:00+00:00,530.6749877929688
2024-12-13 19:30:00+00:00,530.8306884765625
2024-12-13 20:30:00+00:00,530.5
2024-12-16 14:30:00+00:00,535.380126953125
2024-12-16 15:30:00+00:00,536.3200073242188
2024-12-16 16:30:00+00:00,536.9400024414062
2024-12-16 17:30:00+00:00,538.4149780273438
2024-12-16 18:30:00+00:00,538.5599975585938
2024-12-16 19:30:00+00:00,538.989990234375
2024-12-16 20:30:00+00:00,538.2000122070312
2024-12-17 14:30:00+00:00,534.219970703125
2024-12-17 15:30:00+00:00,536.4000244140625
2024-12-17 16:30:00+00:00,536.3900146484375
2024-12-17 17:30:00+00:00,535.8400268554688
2024-12-17 18:30:00+00:00,535.1199951171875
2024-12-17 19:30:00+00:00,534.77001953125
2024-12-17 20:30:00+00:00,535.8699951171875
2024-12-18 14:30:00+00:00,535.9199829101562
2024-12-18 15:30:00+00:00,535.919921875
2024-12-18 16:30:00+00:00,535.6500854492188
2024-12-18 17:30:00+00:00,535.4849853515625
2024-12-18 18:30:00+00:00,530.4398803710938
2024-12-18 19:30:00+00:00,521.969970703125
2024-12-18 20:30:00+00:00,516.5399780273438
2024-12-19 14:30:00+00:00,516.905029296875
2024-12-19 15:30:00+00:00,519.4299926757812
2024-12-19 16:30:00+00:00,515.989990234375
2024-12-19 17:30:00+00:00,517.77001953125
2024-12-19 18:30:00+00:00,517.1400146484375
2024-12-19 19:30:00+00:00,516.7999877929688
2024-12-19 20:30:00+00:00,514.1699829101562
2024-12-20 14:30:00+00:00,516.469970703125
2024-12-20 15:30:00+00:00,521.469970703125
2024-12-20 16:30:00+00:00,524.7899169921875
2024-12-20 17:30:00+00:00,521.4000244140625
2024-12-20 18:30:00+00:00,522.47998046875
2024-12-20 19:30:00+00:00,520.9299926757812
2024-12-20 20:30:00+00:00,518.7999877929688
2024-12-23 14:30:00+00:00,517.7327880859375
2024-12-23 15:30:00+00:00,519.8599853515625
2024-12-23 16:30:00+00:00,520.7921752929688
2024-12-23 17:30:00+00:00,521.9400024414062
2024-12-23 18:30:00+00:00,522.8330078125
2024-12-23 19:30:00+00:00,521.7000122070312
2024-12-23 20:30:00+00:00,522.9199829101562
2024-12-24 14:30:00+00:00,527.2000122070312
2024-12-24 15:30:00+00:00,528.46240234375
2024-12-24 16:30:00+00:00,528.8800048828125
2024-12-26 14:30:00+00:00,529.260009765625
2024-12-26 15:30:00+00:00,529.280029296875
2024-12-26 16:30:00+00:00,530.0999755859375
2024-12-26 17:30:00+00:00,530.2999877929688
2024-12-26 18:30:00+00:00,529.6469116210938
2024-12-26 19:30:00+00:00,530.6199951171875
2024-12-26 20:30:00+00:00,529.5499877929688
2024-12-27 14:30:00+00:00,519.3599853515625
2024-12-27 15:30:00+00:00,521.3499755859375
2024-12-27 16:30:00+00:00,518.7000122070312
2024-12-27 17:30:00+00:00,519.9349975585938
2024-12-27 18:30:00+00:00,521.1799926757812
2024-12-27 19:30:00+00:00,521.280029296875
2024-12-27 20:30:00+00:00,522.5700073242188
2024-12-30 14:30:00+00:00,512.4400024414062
2024-12-30 15:30:00+00:00,515.3350219726562
2024-12-30 16:30:00+00:00,518.0798950195312
2024-12-30 17:30:00+00:00,518.239990234375
2024-12-30 18:30:00+00:00,517.9000244140625
2024-12-30 19:30:00+00:00,516.9299926757812
2024-12-30 20:30:00+00:00,515.5700073242188
2024-12-31 14:30:00+00:00,515.9201049804688
2024-12-31 15:30:00+00:00,513.1599731445312
2024-12-31 16:30:00+00:00,512.25
2024-12-31 17:30:00+00:00,511.1900939941406
2024-12-31 18:30:00+00:00,510.69000244140625
2024-12-31 19:30:00+00:00,513.2899780273438
2024-12-31 20:30:00+00:00,511.17999267578125
2025-01-02 14:30:00+00:00,513.0499877929688
2025-01-02 15:30:00+00:00,513.0798950195312
2025-01-02 16:30:00+00:00,509.7300109863281
2025-01-02 17:30:00+00:00,507.6724853515625
2025-01-02 18:30:00+00:00,508.7799987792969
2025-01-02 19:30:00+00:00,509.82000732421875
2025-01-02 20:30:00+00:00,510.1499938964844
2025-01-03 14:30:00+00:00,514.3200073242188
2025-01-03 15:30:00+00:00,516.4400024414062
2025-01-03 16:30:00+00:00,516.9816284179688
2025-01-03 17:30:00+00:00,518.2899780273438
2025-01-03 18:30:00+00:00,519.1331787109375
2025-01-03 19:30:00+00:00,518.8400268554688
2025-01-03 20:30:00+00:00,518.5599975585938
2025-01-06 14:30:00+00:00,527.4600219726562
2025-01-06 15:30:00+00:00,527.719970703125
2025-01-06 16:30:00+00:00,526.25
2025-01-06 17:30:00+00:00,525.2899780273438
2025-01-06 18:30:00+00:00,523.489990234375
2025-01-06 19:30:00+00:00,523.9149780273438
2025-01-06 20:30:00+00:00,524.52001953125
2025-01-07 14:30:00+00:00,520.8699951171875
2025-01-07 15:30:00+00:00,519.969970703125
2025-01-07 16:30:00+00:00,516.8330078125
2025-01-07 17:30:00+00:00,518.8098754882812
2025-01-07 18:30:00+00:00,517.5700073242188
2025-01-07 19:30:00+00:00,514.4227905273438
2025-01-07 20:30:00+00:00,515.1400146484375
2025-01-08 14:30:00+00:00,513.489990234375
2025-01-08 15:30:00+00:00,514.5700073242188
2025-01-08 16:30:00+00:00,511.1400146484375
2025-01-08 17:30:00+00:00,515.7899780273438
2025-01-08 18:30:00+00:00,516.6300048828125
2025-01-08 19:30:00+00:00,515.010009765625
2025-01-08 20:30:00+00:00,515.2999877929688
2025-01-10 14:30:00+00:00,507.6600036621094
2025-01-10 15:30:00+00:00,505.4599914550781
2025-01-10 16:30:00+00:00,505.8399963378906
2025-01-10 17:30:00+00:00,509.5400085449219
2025-01-10 18:30:00+00:00,509.1600036621094
2025-01-10 19:30:00+00:00,507.1499938964844
2025-01-10 20:30:00+00:00,507.2200012207031
2025-01-13 14:30:00+00:00,500.0950012207031
2025-01-13 15:30:00+00:00,500.989990234375
2025-01-13 16:30:00+00:00,503.1700134277344
2025-01-13 17:30:00+00:00,504.2349853515625
2025-01-13 18:30:00+00:00,504.2250061035156
2025-01-13 19:30:00+00:00,504.0400085449219
2025-01-13 20:30:00+00:00,505.6000061035156
2025-01-14 14:30:00+00:00,507.3839111328125
2025-01-14 15:30:00+00:00,504.7300109863281
2025-01-14 16:30:00+00:00,503.5400085449219
2025-01-14 17:30:00+00:00,505.510009765625
2025-01-14 18:30:00+00:00,506.5299987792969
2025-01-14 19:30:00+00:00,503.04998779296875
2025-01-14 20:30:00+00:00,505.1000061035156
2025-01-15 14:30:00+00:00,516.344970703125
2025-01-15 15:30:00+00:00,514.9199829101562
2025-01-15 16:30:00+00:00,514.7938842773438
2025-01-15 17:30:00+00:00,516.2399291992188
2025-01-15 18:30:00+00:00,516.9880981445312
2025-01-15 19:30:00+00:00,517.5499877929688
2025-01-15 20:30:00+00:00,516.530029296875
2025-01-16 14:30:00+00:00,516.1849975585938
2025-01-16 15:30:00+00:00,516.97998046875
2025-01-16 16:30:00+00:00,517.2750244140625
2025-01-16 17:30:00+00:00,515.4354858398438
2025-01-16 18:30:00+00:00,515.4451293945312
2025-01-16 19:30:00+00:00,515.097412109375
2025-01-16 20:30:00+00:00,513.0700073242188
2025-01-17 14:30:00+00:00,520.0499877929688
2025-01-17 15:30:00+00:00,522.4099731445312
2025-01-17 16:30:00+00:00,522.3099975585938
2025-01-17 17:30:00+00:00,522.9998168945312
2025-01-17 18:30:00+00:00,522.451904296875
2025-01-17 19:30:00+00:00,521.72998046875
2025-01-17 20:30:00+00:00,521.77001953125
2025-01-21 14:30:00+00:00,522.8300170898438
2025-01-21 15:30:00+00:00,522.5800170898438
2025-01-21 16:30:00+00:00,524.1500244140625
2025-01-21 17:30:00+00:00,525.489990234375
2025-01-21 18:30:00+00:00,525.239990234375
2025-01-21 19:30:00+00:00,525.3499755859375
2025-01-21 20:30:00+00:00,524.6900024414062
2025-01-22 14:30:00+00:00,531.8499755859375
2025-01-22 15:30:00+00:00,532.7999877929688
2025-01-22 16:30:00+00:00,533.2150268554688
2025-01-22 17:30:00+00:00,531.97998046875
2025-01-22 18:30:00+00:00,532.0499877929688
2025-01-22 19:30:00+00:00,531.9199829101562
2025-01-22 20:30:00+00:00,531.510009765625
2025-01-23 14:30:00+00:00,529.3040771484375
2025-01-23 15:30:00+00:00,530.4299926757812
2025-01-23 16:30:00+00:00,529.9249877929688
2025-01-23 17:30:00+00:00,530.6799926757812
2025-01-23 18:30:00+00:00,530.364990234375
2025-01-23 19:30:00+00:00,530.97998046875
2025-01-23 20:30:00+00:00,532.719970703125
2025-01-24 14:30:00+00:00,531.739990234375
2025-01-24 15:30:00+00:00,532.2100219726562
2025-01-24 16:30:00+00:00,531.3800048828125
2025-01-24 17:30:00+00:00,530.3399047851562
2025-01-24 18:30:00+00:00,528.739990234375
2025-01-24 19:30:00+00:00,528.64990234375
2025-01-24 20:30:00+00:00,529.6500244140625
2025-01-27 14:30:00+00:00,516.77001953125
2025-01-27 15:30:00+00:00,512.9650268554688
2025-01-27 16:30:00+00:00,513.3436889648438
2025-01-27 17:30:00+00:00,511.4100036621094
2025-01-27 18:30:00+00:00,513.8690795898438
2025-01-27 19:30:00+00:00,512.02001953125
2025-01-27 20:30:00+00:00,514.0499877929688
2025-01-28 14:30:00+00:00,519.2100219726562
2025-01-28 15:30:00+00:00,517.7199096679688
2025-01-28 16:30:00+00:00,521.22900390625
2025-01-28 17:30:00+00:00,521.2301025390625
2025-01-28 18:30:00+00:00,521.4099731445312
2025-01-28 19:30:00+00:00,522.8049926757812
2025-01-28 20:30:00+00:00,521.8599853515625
2025-01-29 14:30:00+00:00,520.1099853515625
2025-01-29 15:30:00+00:00,519.8499145507812
2025-01-29 16:30:00+00:00,520.7449951171875
2025-01-29 17:30:00+00:00,519.9000854492188
2025-01-29 18:30:00+00:00,517.6610107421875
2025-01-29 19:30:00+00:00,522.1395263671875
2025-01-29 20:30:00+00:00,520.780029296875
2025-01-30 14:30:00+00:00,520.9052734375
2025-01-30 15:30:00+00:00,521.3400268554688
2025-01-30 16:30:00+00:00,520.6539916992188
2025-01-30 17:30:00+00:00,521.3699951171875
2025-01-30 18:30:00+00:00,522.780029296875
2025-01-30 19:30:00+00:00,524.6950073242188
2025-01-30 20:30:00+00:00,523.1199951171875
2025-01-31 14:30:00+00:00,529.88037109375
2025-01-31 15:30:00+00:00,530.3400268554688
2025-01-31 16:30:00+00:00,530.7999877929688
2025-01-31 17:30:00+00:00,527.9099731445312
2025-01-31 18:30:00+00:00,525.5399780273438
2025-01-31 19:30:00+00:00,521.73681640625
2025-01-31 20:30:00+00:00,522.280029296875
2025-02-03 14:30:00+00:00,516.8499755859375
2025-02-03 15:30:00+00:00,518.135009765625
2025-02-03 16:30:00+00:00,517.780029296875
2025-02-03 17:30:00+00:00,518.2349853515625
2025-02-03 18:30:00+00:00,520.1300048828125
2025-02-03 19:30:00+00:00,519.375
2025-02-03 20:30:00+00:00,518.1400146484375
2025-02-04 14:30:00+00:00,523.8200073242188
2025-02-04 15:30:00+00:00,524.8704223632812
2025-02-04 16:30:00+00:00,521.9400024414062
2025-02-04 17:30:00+00:00,523.6599731445312
2025-02-04 18:30:00+00:00,524.280029296875
2025-02-04 19:30:00+00:00,523.5999755859375
2025-02-04 20:30:00+00:00,524.5599975585938
2025-02-05 14:30:00+00:00,522.5399780273438
2025-02-05 15:30:00+00:00,523.489990234375
2025-02-05 16:30:00+00:00,525.52001953125
2025-02-05 17:30:00+00:00,525.1583862304688
2025-02-05 18:30:00+00:00,525.77001953125
2025-02-05 19:30:00+00:00,526.4000244140625
2025-02-05 20:30:00+00:00,526.8499755859375
2025-02-06 14:30:00+00:00,527.6900024414062
2025-02-06 15:30:00+00:00,527.8594970703125
2025-02-06 16:30:00+00:00,527.4320068359375
2025-02-06 17:30:00+00:00,528.5900268554688
2025-02-06 18:30:00+00:00,527.7899780273438
2025-02-06 19:30:00+00:00,527.625
2025-02-06 20:30:00+00:00,529.5800170898438
2025-02-07 14:30:00+00:00,526.7999877929688
2025-02-07 15:30:00+00:00,524.58251953125
2025-02-07 16:30:00+00:00,523.9199829101562
2025-02-07 17:30:00+00:00,525.9498901367188
2025-02-07 18:30:00+00:00,522.739990234375
2025-02-07 19:30:00+00:00,522.669921875
2025-02-07 20:30:00+00:00,522.9400024414062
2025-02-10 14:30:00+00:00,529.625
2025-02-10 15:30:00+00:00,529.4500122070312
2025-02-10 16:30:00+00:00,528.7000122070312
2025-02-10 17:30:00+00:00,529.6367797851562
2025-02-10 18:30:00+00:00,529.7750244140625
2025-02-10 19:30:00+00:00,529.6500244140625
2025-02-10 20:30:00+00:00,529.2150268554688
2025-02-11 14:30:00+00:00,529.0999755859375
2025-02-11 15:30:00+00:00,528.7498779296875
2025-02-11 16:30:00+00:00,527.8699951171875
2025-02-11 17:30:00+00:00,527.614990234375
2025-02-11 18:30:00+00:00,528.2150268554688
2025-02-11 19:30:00+00:00,528.4400024414062
2025-02-11 20:30:00+00:00,527.9500122070312
2025-02-12 14:30:00+00:00,525.75
2025-02-12 15:30:00+00:00,525.0352172851562
2025-02-12 16:30:00+00:00,527.9801025390625
2025-02-12 17:30:00+00:00,528.280029296875
2025-02-12 18:30:00+00:00,528.010009765625
2025-02-12 19:30:00+00:00,528.5999755859375
2025-02-12 20:30:00+00:00,528.3099975585938
2025-02-13 14:30:00+00:00,532.5380249023438
2025-02-13 15:30:00+00:00,533.22998046875
2025-02-13 16:30:00+00:00,532.4000244140625
2025-02-13 17:30:00+00:00,531.8400268554688
2025-02-13 18:30:00+00:00,533.82470703125
2025-02-13 19:30:00+00:00,535.2050170898438
2025-02-13 20:30:00+00:00,535.8800048828125
2025-02-14 14:30:00+00:00,536.8200073242188
2025-02-14 15:30:00+00:00,536.8543090820312
2025-02-14 16:30:00+00:00,535.9099731445312
2025-02-14 17:30:00+00:00,537.260009765625
2025-02-14 18:30:00+00:00,537.739990234375
2025-02-14 19:30:00+00:00,537.9099731445312
2025-02-14 20:30:00+00:00,538.1199951171875
2025-02-18 14:30:00+00:00,536.8900146484375
2025-02-18 15:30:00+00:00,538.5
2025-02-18 16:30:00+00:00,537.7000122070312
2025-02-18 17:30:00+00:00,537.4600219726562
2025-02-18 18:30:00+00:00,537.1599731445312
2025-02-18 19:30:00+00:00,537.6099853515625
2025-02-18 20:30:00+00:00,539.2999877929688
2025-02-19 14:30:00+00:00,537.2249755859375
2025-02-19 15:30:00+00:00,538.8400268554688
2025-02-19 16:30:00+00:00,538.89501953125
2025-02-19 17:30:00+00:00,539.5034790039062
2025-02-19 18:30:00+00:00,540.1950073242188
2025-02-19 19:30:00+00:00,538.8300170898438
2025-02-19 20:30:00+00:00,539.5599975585938
2025-02-20 14:30:00+00:00,535.760009765625
2025-02-20 15:30:00+00:00,535.0499877929688
2025-02-20 16:30:00+00:00,535.5599975585938
2025-02-20 17:30:00+00:00,534.719970703125
2025-02-20 18:30:00+00:00,535.8950805664062
2025-02-20 19:30:00+00:00,536.1400146484375
2025-02-20 20:30:00+00:00,537.1900024414062
2025-02-21 14:30:00+00:00,534.0200805664062
2025-02-21 15:30:00+00:00,533.7108764648438
2025-02-21 16:30:00+00:00,532.1209106445312
2025-02-21 17:30:00+00:00,528.944091796875
2025-02-21 18:30:00+00:00,526.0900268554688
2025-02-21 19:30:00+00:00,526.6199951171875
2025-02-21 20:30:00+00:00,526.0999755859375
2025-02-24 14:30:00+00:00,521.8900146484375
2025-02-24 15:30:00+00:00,524.0250244140625
2025-02-24 16:30:00+00:00,524.89501953125
2025-02-24 17:30:00+00:00,525.3699951171875
2025-02-24 18:30:00+00:00,523.4400024414062
2025-02-24 19:30:00+00:00,522.260009765625
2025-02-24 20:30:00+00:00,519.8300170898438
2025-02-25 14:30:00+00:00,510.80499267578125
2025-02-25 15:30:00+00:00,510.6004943847656
2025-02-25 16:30:00+00:00,514.3400268554688
2025-02-25 17:30:00+00:00,513.8800048828125
2025-02-25 18:30:00+00:00,512.9299926757812
2025-02-25 19:30:00+00:00,515.1300048828125
2025-02-25 20:30:00+00:00,513.22998046875
2025-02-26 14:30:00+00:00,516.6500244140625
2025-02-26 15:30:00+00:00,518.6500244140625
2025-02-26 16:30:00+00:00,518.9688110351562
2025-02-26 17:30:00+00:00,513.9650268554688
2025-02-26 18:30:00+00:00,512.8499755859375
2025-02-26 19:30:00+00:00,513.4149780273438
2025-02-26 20:30:00+00:00,514.47998046875
2025-02-27 14:30:00+00:00,512.9450073242188
2025-02-27 15:30:00+00:00,511.4599914550781
2025-02-27 16:30:00+00:00,511.2099914550781
2025-02-27 17:30:00+00:00,512.1137084960938
2025-02-27 18:30:00+00:00,507.3900146484375
2025-02-27 19:30:00+00:00,502.29998779296875
2025-02-27 20:30:00+00:00,500.3299865722656
2025-02-28 14:30:00+00:00,504.16009521484375
2025-02-28 15:30:00+00:00,501.260009765625
2025-02-28 16:30:00+00:00,502.7200012207031
2025-02-28 17:30:00+00:00,500.1300048828125
2025-02-28 18:30:00+00:00,500.4700012207031
2025-02-28 19:30:00+00:00,504.4100036621094
2025-02-28 20:30:00+00:00,508.20001220703125
