Price,VVIX
Ticker,^VVIX
Datetime,
2024-01-02 14:30:00+00:00,92.04000091552734
2024-01-02 15:30:00+00:00,91.37000274658203
2024-01-02 16:30:00+00:00,89.75
2024-01-02 17:30:00+00:00,88.45999908447266
2024-01-02 18:30:00+00:00,87.91000366210938
2024-01-02 19:30:00+00:00,89.66999816894531
2024-01-02 20:30:00+00:00,87.94000244140625
2024-01-03 14:30:00+00:00,91.26000213623047
2024-01-03 15:30:00+00:00,90.4800033569336
2024-01-03 16:30:00+00:00,90.29000091552734
2024-01-03 17:30:00+00:00,88.56999969482422
2024-01-03 18:30:00+00:00,87.30000305175781
2024-01-03 19:30:00+00:00,89.12000274658203
2024-01-03 20:30:00+00:00,89.47000122070312
2024-01-04 14:30:00+00:00,89.16999816894531
2024-01-04 15:30:00+00:00,86.73999786376953
2024-01-04 16:30:00+00:00,87.72000122070312
2024-01-04 17:30:00+00:00,87.4800033569336
2024-01-04 18:30:00+00:00,87.38999938964844
2024-01-04 19:30:00+00:00,87.68000030517578
2024-01-04 20:30:00+00:00,87.61000061035156
2024-01-05 14:30:00+00:00,83.38999938964844
2024-01-05 15:30:00+00:00,83.8499984741211
2024-01-05 16:30:00+00:00,84.73999786376953
2024-01-05 17:30:00+00:00,83.79000091552734
2024-01-05 18:30:00+00:00,83.06999969482422
2024-01-05 19:30:00+00:00,83.43000030517578
2024-01-05 20:30:00+00:00,82.95999908447266
2024-01-08 14:30:00+00:00,83.58999633789062
2024-01-08 15:30:00+00:00,82.77999877929688
2024-01-08 16:30:00+00:00,81.4800033569336
2024-01-08 17:30:00+00:00,81.48999786376953
2024-01-08 18:30:00+00:00,80.5999984741211
2024-01-08 19:30:00+00:00,80.9800033569336
2024-01-08 20:30:00+00:00,81.31999969482422
2024-01-09 14:30:00+00:00,81.27999877929688
2024-01-09 15:30:00+00:00,80.61000061035156
2024-01-09 16:30:00+00:00,79.72000122070312
2024-01-09 17:30:00+00:00,79.55000305175781
2024-01-09 18:30:00+00:00,79.25
2024-01-09 19:30:00+00:00,78.52999877929688
2024-01-09 20:30:00+00:00,78.37999725341797
2024-01-10 14:30:00+00:00,79.30000305175781
2024-01-10 15:30:00+00:00,78.05000305175781
2024-01-10 16:30:00+00:00,77.45999908447266
2024-01-10 17:30:00+00:00,77.30999755859375
2024-01-10 18:30:00+00:00,76.58000183105469
2024-01-10 19:30:00+00:00,76.62000274658203
2024-01-10 20:30:00+00:00,77.7300033569336
2024-01-11 14:30:00+00:00,77.13999938964844
2024-01-11 15:30:00+00:00,79.19999694824219
2024-01-11 16:30:00+00:00,78.87999725341797
2024-01-11 17:30:00+00:00,75.91000366210938
2024-01-11 18:30:00+00:00,75.80000305175781
2024-01-11 19:30:00+00:00,76.08000183105469
2024-01-11 20:30:00+00:00,75.69999694824219
2024-01-12 14:30:00+00:00,76.66000366210938
2024-01-12 15:30:00+00:00,81.25
2024-01-12 16:30:00+00:00,80.6500015258789
2024-01-12 17:30:00+00:00,81.86000061035156
2024-01-12 18:30:00+00:00,83.63999938964844
2024-01-12 19:30:00+00:00,84.58000183105469
2024-01-12 20:30:00+00:00,85.72000122070312
2024-01-16 14:30:00+00:00,89.0
2024-01-16 15:30:00+00:00,90.30999755859375
2024-01-16 16:30:00+00:00,92.18000030517578
2024-01-16 17:30:00+00:00,92.04000091552734
2024-01-16 18:30:00+00:00,93.16000366210938
2024-01-16 19:30:00+00:00,91.88999938964844
2024-01-16 20:30:00+00:00,90.3499984741211
2024-01-17 14:30:00+00:00,93.51000213623047
2024-01-17 15:30:00+00:00,91.05000305175781
2024-01-17 16:30:00+00:00,89.69000244140625
2024-01-17 17:30:00+00:00,93.22000122070312
2024-01-17 18:30:00+00:00,92.76000213623047
2024-01-17 19:30:00+00:00,91.86000061035156
2024-01-17 20:30:00+00:00,91.5
2024-01-18 14:30:00+00:00,87.7699966430664
2024-01-18 15:30:00+00:00,87.30000305175781
2024-01-18 16:30:00+00:00,88.95999908447266
2024-01-18 17:30:00+00:00,89.95999908447266
2024-01-18 18:30:00+00:00,87.20999908447266
2024-01-18 19:30:00+00:00,86.25
2024-01-18 20:30:00+00:00,86.33000183105469
2024-01-19 14:30:00+00:00,84.69000244140625
2024-01-19 15:30:00+00:00,83.75
2024-01-19 16:30:00+00:00,82.63999938964844
2024-01-19 17:30:00+00:00,81.87999725341797
2024-01-19 18:30:00+00:00,82.5199966430664
2024-01-19 19:30:00+00:00,82.08999633789062
2024-01-19 20:30:00+00:00,82.18000030517578
2024-01-22 14:30:00+00:00,81.47000122070312
2024-01-22 15:30:00+00:00,79.61000061035156
2024-01-22 16:30:00+00:00,79.75
2024-01-22 17:30:00+00:00,80.56999969482422
2024-01-22 18:30:00+00:00,80.2300033569336
2024-01-22 19:30:00+00:00,78.7699966430664
2024-01-22 20:30:00+00:00,79.11000061035156
2024-01-23 14:30:00+00:00,77.70999908447266
2024-01-23 15:30:00+00:00,77.77999877929688
2024-01-23 16:30:00+00:00,77.20999908447266
2024-01-23 17:30:00+00:00,76.5199966430664
2024-01-23 18:30:00+00:00,76.76000213623047
2024-01-23 19:30:00+00:00,76.75
2024-01-23 20:30:00+00:00,76.62999725341797
2024-01-24 14:30:00+00:00,74.6500015258789
2024-01-24 15:30:00+00:00,75.63999938964844
2024-01-24 16:30:00+00:00,76.43000030517578
2024-01-24 17:30:00+00:00,78.33000183105469
2024-01-24 18:30:00+00:00,79.76000213623047
2024-01-24 19:30:00+00:00,79.62000274658203
2024-01-24 20:30:00+00:00,80.01000213623047
2024-01-25 14:30:00+00:00,80.30000305175781
2024-01-25 15:30:00+00:00,81.2699966430664
2024-01-25 16:30:00+00:00,81.33000183105469
2024-01-25 17:30:00+00:00,81.0999984741211
2024-01-25 18:30:00+00:00,80.7300033569336
2024-01-25 19:30:00+00:00,81.11000061035156
2024-01-25 20:30:00+00:00,81.48999786376953
2024-01-26 14:30:00+00:00,80.9800033569336
2024-01-26 15:30:00+00:00,80.29000091552734
2024-01-26 16:30:00+00:00,80.04000091552734
2024-01-26 17:30:00+00:00,80.19000244140625
2024-01-26 18:30:00+00:00,80.38999938964844
2024-01-26 19:30:00+00:00,80.51000213623047
2024-01-26 20:30:00+00:00,81.88999938964844
2024-01-29 14:30:00+00:00,84.36000061035156
2024-01-29 15:30:00+00:00,84.68000030517578
2024-01-29 16:30:00+00:00,83.43000030517578
2024-01-29 17:30:00+00:00,83.0999984741211
2024-01-29 18:30:00+00:00,83.7300033569336
2024-01-29 19:30:00+00:00,83.69999694824219
2024-01-29 20:30:00+00:00,83.20999908447266
2024-01-30 14:30:00+00:00,83.41999816894531
2024-01-30 15:30:00+00:00,82.81999969482422
2024-01-30 16:30:00+00:00,82.61000061035156
2024-01-30 17:30:00+00:00,82.66000366210938
2024-01-30 18:30:00+00:00,82.76000213623047
2024-01-30 19:30:00+00:00,82.26000213623047
2024-01-30 20:30:00+00:00,81.88999938964844
2024-01-31 14:30:00+00:00,86.97000122070312
2024-01-31 15:30:00+00:00,87.66000366210938
2024-01-31 16:30:00+00:00,87.72000122070312
2024-01-31 17:30:00+00:00,85.62999725341797
2024-01-31 18:30:00+00:00,85.37999725341797
2024-01-31 19:30:00+00:00,86.73999786376953
2024-01-31 20:30:00+00:00,87.68000030517578
2024-02-01 14:30:00+00:00,84.5
2024-02-01 15:30:00+00:00,89.56999969482422
2024-02-01 16:30:00+00:00,87.79000091552734
2024-02-01 17:30:00+00:00,86.01000213623047
2024-02-01 18:30:00+00:00,84.87000274658203
2024-02-01 19:30:00+00:00,85.3499984741211
2024-02-01 20:30:00+00:00,85.95999908447266
2024-02-02 14:30:00+00:00,85.13999938964844
2024-02-02 15:30:00+00:00,83.48999786376953
2024-02-02 16:30:00+00:00,84.37999725341797
2024-02-02 17:30:00+00:00,84.16000366210938
2024-02-02 18:30:00+00:00,84.37000274658203
2024-02-02 19:30:00+00:00,82.95999908447266
2024-02-02 20:30:00+00:00,83.11000061035156
2024-02-05 14:30:00+00:00,85.47000122070312
2024-02-05 15:30:00+00:00,85.4000015258789
2024-02-05 16:30:00+00:00,81.91999816894531
2024-02-05 17:30:00+00:00,81.12999725341797
2024-02-05 18:30:00+00:00,80.5199966430664
2024-02-05 19:30:00+00:00,79.4000015258789
2024-02-05 20:30:00+00:00,79.19000244140625
2024-02-06 14:30:00+00:00,79.61000061035156
2024-02-06 15:30:00+00:00,79.36000061035156
2024-02-06 16:30:00+00:00,79.91000366210938
2024-02-06 17:30:00+00:00,79.70999908447266
2024-02-06 18:30:00+00:00,78.4800033569336
2024-02-06 19:30:00+00:00,77.27999877929688
2024-02-06 20:30:00+00:00,76.75
2024-02-07 14:30:00+00:00,81.4000015258789
2024-02-07 15:30:00+00:00,81.66999816894531
2024-02-07 16:30:00+00:00,81.4800033569336
2024-02-07 17:30:00+00:00,80.94000244140625
2024-02-07 18:30:00+00:00,80.48999786376953
2024-02-07 19:30:00+00:00,80.73999786376953
2024-02-07 20:30:00+00:00,81.02999877929688
2024-02-08 14:30:00+00:00,83.69000244140625
2024-02-08 15:30:00+00:00,86.70999908447266
2024-02-08 16:30:00+00:00,85.6500015258789
2024-02-08 17:30:00+00:00,84.66000366210938
2024-02-08 18:30:00+00:00,83.87000274658203
2024-02-08 19:30:00+00:00,83.11000061035156
2024-02-08 20:30:00+00:00,83.31999969482422
2024-02-09 14:30:00+00:00,83.18000030517578
2024-02-09 15:30:00+00:00,84.06999969482422
2024-02-09 16:30:00+00:00,84.12999725341797
2024-02-09 17:30:00+00:00,81.97000122070312
2024-02-09 18:30:00+00:00,82.2300033569336
2024-02-09 19:30:00+00:00,82.66999816894531
2024-02-09 20:30:00+00:00,82.38999938964844
2024-02-12 14:30:00+00:00,84.19000244140625
2024-02-12 15:30:00+00:00,84.38999938964844
2024-02-12 16:30:00+00:00,84.05000305175781
2024-02-12 17:30:00+00:00,84.76000213623047
2024-02-12 18:30:00+00:00,84.80999755859375
2024-02-12 19:30:00+00:00,84.88999938964844
2024-02-12 20:30:00+00:00,84.37999725341797
2024-02-13 14:30:00+00:00,88.13999938964844
2024-02-13 15:30:00+00:00,85.79000091552734
2024-02-13 16:30:00+00:00,86.2699966430664
2024-02-13 17:30:00+00:00,86.77999877929688
2024-02-13 18:30:00+00:00,94.0
2024-02-13 19:30:00+00:00,100.23999786376953
2024-02-13 20:30:00+00:00,94.29000091552734
2024-02-14 14:30:00+00:00,81.80999755859375
2024-02-14 15:30:00+00:00,82.19999694824219
2024-02-14 16:30:00+00:00,84.30999755859375
2024-02-14 17:30:00+00:00,84.2300033569336
2024-02-14 18:30:00+00:00,84.08999633789062
2024-02-14 19:30:00+00:00,83.30999755859375
2024-02-14 20:30:00+00:00,83.2699966430664
2024-02-15 14:30:00+00:00,83.80000305175781
2024-02-15 15:30:00+00:00,84.41999816894531
2024-02-15 16:30:00+00:00,82.72000122070312
2024-02-15 17:30:00+00:00,84.2699966430664
2024-02-15 18:30:00+00:00,84.77999877929688
2024-02-15 19:30:00+00:00,83.44999694824219
2024-02-15 20:30:00+00:00,82.41000366210938
2024-02-16 14:30:00+00:00,83.2300033569336
2024-02-16 15:30:00+00:00,81.0199966430664
2024-02-16 16:30:00+00:00,81.02999877929688
2024-02-16 17:30:00+00:00,81.08999633789062
2024-02-16 18:30:00+00:00,80.48999786376953
2024-02-16 19:30:00+00:00,82.27999877929688
2024-02-16 20:30:00+00:00,82.16999816894531
2024-02-20 14:30:00+00:00,88.83999633789062
2024-02-20 15:30:00+00:00,88.06999969482422
2024-02-20 16:30:00+00:00,89.62000274658203
2024-02-20 17:30:00+00:00,89.66000366210938
2024-02-20 18:30:00+00:00,88.02999877929688
2024-02-20 19:30:00+00:00,85.83999633789062
2024-02-20 20:30:00+00:00,86.18000030517578
2024-02-21 14:30:00+00:00,86.5199966430664
2024-02-21 15:30:00+00:00,85.08999633789062
2024-02-21 16:30:00+00:00,85.33000183105469
2024-02-21 17:30:00+00:00,85.88999938964844
2024-02-21 18:30:00+00:00,86.51000213623047
2024-02-21 19:30:00+00:00,85.81999969482422
2024-02-21 20:30:00+00:00,84.36000061035156
2024-02-22 14:30:00+00:00,78.22000122070312
2024-02-22 15:30:00+00:00,78.51000213623047
2024-02-22 16:30:00+00:00,78.41000366210938
2024-02-22 17:30:00+00:00,78.18000030517578
2024-02-22 18:30:00+00:00,79.66000366210938
2024-02-22 19:30:00+00:00,79.58999633789062
2024-02-22 20:30:00+00:00,80.48999786376953
2024-02-23 14:30:00+00:00,78.81999969482422
2024-02-23 15:30:00+00:00,79.05000305175781
2024-02-23 16:30:00+00:00,80.08000183105469
2024-02-23 17:30:00+00:00,79.06999969482422
2024-02-23 18:30:00+00:00,79.0999984741211
2024-02-23 19:30:00+00:00,78.45999908447266
2024-02-23 20:30:00+00:00,78.47000122070312
2024-02-26 14:30:00+00:00,80.63999938964844
2024-02-26 15:30:00+00:00,80.91999816894531
2024-02-26 16:30:00+00:00,80.4000015258789
2024-02-26 17:30:00+00:00,80.20999908447266
2024-02-26 18:30:00+00:00,80.01000213623047
2024-02-26 19:30:00+00:00,79.91000366210938
2024-02-26 20:30:00+00:00,80.04000091552734
2024-02-27 14:30:00+00:00,78.66999816894531
2024-02-27 15:30:00+00:00,78.12999725341797
2024-02-27 16:30:00+00:00,78.52999877929688
2024-02-27 17:30:00+00:00,78.8499984741211
2024-02-27 18:30:00+00:00,78.95999908447266
2024-02-27 19:30:00+00:00,79.0999984741211
2024-02-27 20:30:00+00:00,78.69000244140625
2024-02-28 14:30:00+00:00,80.66999816894531
2024-02-28 15:30:00+00:00,79.86000061035156
2024-02-28 16:30:00+00:00,79.9800033569336
2024-02-28 17:30:00+00:00,80.12000274658203
2024-02-28 18:30:00+00:00,81.18000030517578
2024-02-28 19:30:00+00:00,80.25
2024-02-28 20:30:00+00:00,80.30999755859375
2024-02-29 14:30:00+00:00,79.2300033569336
2024-02-29 15:30:00+00:00,79.63999938964844
2024-02-29 16:30:00+00:00,79.5199966430664
2024-02-29 17:30:00+00:00,78.72000122070312
2024-02-29 18:30:00+00:00,78.48999786376953
2024-02-29 19:30:00+00:00,78.27999877929688
2024-02-29 20:30:00+00:00,77.13999938964844
2024-03-01 14:30:00+00:00,76.58000183105469
2024-03-01 15:30:00+00:00,77.26000213623047
2024-03-01 16:30:00+00:00,78.02999877929688
2024-03-01 17:30:00+00:00,77.80999755859375
2024-03-01 18:30:00+00:00,78.04000091552734
2024-03-01 19:30:00+00:00,77.9800033569336
2024-03-01 20:30:00+00:00,77.73999786376953
2024-03-04 14:30:00+00:00,80.04000091552734
2024-03-04 15:30:00+00:00,79.93000030517578
2024-03-04 16:30:00+00:00,79.68000030517578
2024-03-04 17:30:00+00:00,79.75
2024-03-04 18:30:00+00:00,79.23999786376953
2024-03-04 19:30:00+00:00,79.23999786376953
2024-03-04 20:30:00+00:00,79.19000244140625
2024-03-05 14:30:00+00:00,82.69999694824219
2024-03-05 15:30:00+00:00,82.72000122070312
2024-03-05 16:30:00+00:00,82.69000244140625
2024-03-05 17:30:00+00:00,83.5999984741211
2024-03-05 18:30:00+00:00,83.83999633789062
2024-03-05 19:30:00+00:00,85.83999633789062
2024-03-05 20:30:00+00:00,84.04000091552734
2024-03-06 14:30:00+00:00,83.44000244140625
2024-03-06 15:30:00+00:00,83.08000183105469
2024-03-06 16:30:00+00:00,83.27999877929688
2024-03-06 17:30:00+00:00,81.77999877929688
2024-03-06 18:30:00+00:00,82.61000061035156
2024-03-06 19:30:00+00:00,83.12999725341797
2024-03-06 20:30:00+00:00,83.08999633789062
2024-03-07 14:30:00+00:00,82.4800033569336
2024-03-07 15:30:00+00:00,82.06999969482422
2024-03-07 16:30:00+00:00,82.33000183105469
2024-03-07 17:30:00+00:00,82.27999877929688
2024-03-07 18:30:00+00:00,82.58999633789062
2024-03-07 19:30:00+00:00,82.4800033569336
2024-03-07 20:30:00+00:00,82.1500015258789
2024-03-08 14:30:00+00:00,81.31999969482422
2024-03-08 15:30:00+00:00,83.73999786376953
2024-03-08 16:30:00+00:00,86.77999877929688
2024-03-08 17:30:00+00:00,89.22000122070312
2024-03-08 18:30:00+00:00,89.88999938964844
2024-03-08 19:30:00+00:00,87.44000244140625
2024-03-08 20:30:00+00:00,86.72000122070312
2024-03-11 13:30:00+00:00,91.93000030517578
2024-03-11 14:30:00+00:00,91.41999816894531
2024-03-11 15:30:00+00:00,90.61000061035156
2024-03-11 16:30:00+00:00,89.22000122070312
2024-03-11 17:30:00+00:00,88.26000213623047
2024-03-11 18:30:00+00:00,88.66000366210938
2024-03-11 19:30:00+00:00,88.98999786376953
2024-03-12 13:30:00+00:00,86.33999633789062
2024-03-12 14:30:00+00:00,85.54000091552734
2024-03-12 15:30:00+00:00,84.76000213623047
2024-03-12 16:30:00+00:00,85.0999984741211
2024-03-12 17:30:00+00:00,83.98999786376953
2024-03-12 18:30:00+00:00,84.2699966430664
2024-03-12 19:30:00+00:00,83.91999816894531
2024-03-13 13:30:00+00:00,86.94999694824219
2024-03-13 14:30:00+00:00,87.19000244140625
2024-03-13 15:30:00+00:00,86.68000030517578
2024-03-13 16:30:00+00:00,86.12000274658203
2024-03-13 17:30:00+00:00,86.18000030517578
2024-03-13 18:30:00+00:00,86.98999786376953
2024-03-13 19:30:00+00:00,86.58000183105469
2024-03-14 13:30:00+00:00,88.58000183105469
2024-03-14 14:30:00+00:00,90.02999877929688
2024-03-14 15:30:00+00:00,91.0199966430664
2024-03-14 16:30:00+00:00,91.83999633789062
2024-03-14 17:30:00+00:00,88.58999633789062
2024-03-14 18:30:00+00:00,91.19000244140625
2024-03-14 19:30:00+00:00,89.08999633789062
2024-03-15 13:30:00+00:00,91.12999725341797
2024-03-15 14:30:00+00:00,90.87000274658203
2024-03-15 15:30:00+00:00,92.66000366210938
2024-03-15 16:30:00+00:00,95.2300033569336
2024-03-15 17:30:00+00:00,93.05999755859375
2024-03-15 18:30:00+00:00,91.62000274658203
2024-03-15 19:30:00+00:00,92.41000366210938
2024-03-18 13:30:00+00:00,89.75
2024-03-18 14:30:00+00:00,89.23999786376953
2024-03-18 15:30:00+00:00,89.19999694824219
2024-03-18 16:30:00+00:00,89.2699966430664
2024-03-18 17:30:00+00:00,87.9800033569336
2024-03-18 18:30:00+00:00,86.98999786376953
2024-03-18 19:30:00+00:00,86.7300033569336
2024-03-19 13:30:00+00:00,84.68000030517578
2024-03-19 14:30:00+00:00,84.56999969482422
2024-03-19 15:30:00+00:00,84.05999755859375
2024-03-19 16:30:00+00:00,84.62000274658203
2024-03-19 17:30:00+00:00,84.58000183105469
2024-03-19 18:30:00+00:00,84.79000091552734
2024-03-19 19:30:00+00:00,83.83000183105469
2024-03-20 13:30:00+00:00,83.69000244140625
2024-03-20 14:30:00+00:00,83.2300033569336
2024-03-20 15:30:00+00:00,82.6500015258789
2024-03-20 16:30:00+00:00,82.91999816894531
2024-03-20 17:30:00+00:00,81.88999938964844
2024-03-20 18:30:00+00:00,79.29000091552734
2024-03-20 19:30:00+00:00,78.97000122070312
2024-03-21 13:30:00+00:00,78.80000305175781
2024-03-21 14:30:00+00:00,78.70999908447266
2024-03-21 15:30:00+00:00,79.0
2024-03-21 16:30:00+00:00,78.62999725341797
2024-03-21 17:30:00+00:00,78.0199966430664
2024-03-21 18:30:00+00:00,77.41999816894531
2024-03-21 19:30:00+00:00,77.13999938964844
2024-03-22 13:30:00+00:00,77.0
2024-03-22 14:30:00+00:00,77.0999984741211
2024-03-22 15:30:00+00:00,76.62000274658203
2024-03-22 16:30:00+00:00,75.94000244140625
2024-03-22 17:30:00+00:00,75.3499984741211
2024-03-22 18:30:00+00:00,75.95999908447266
2024-03-22 19:30:00+00:00,76.33000183105469
2024-03-25 13:30:00+00:00,77.0199966430664
2024-03-25 14:30:00+00:00,77.30000305175781
2024-03-25 15:30:00+00:00,77.22000122070312
2024-03-25 16:30:00+00:00,77.36000061035156
2024-03-25 17:30:00+00:00,77.11000061035156
2024-03-25 18:30:00+00:00,76.63999938964844
2024-03-25 19:30:00+00:00,76.47000122070312
2024-03-26 13:30:00+00:00,75.7300033569336
2024-03-26 14:30:00+00:00,75.77999877929688
2024-03-26 15:30:00+00:00,75.4000015258789
2024-03-26 16:30:00+00:00,75.45999908447266
2024-03-26 17:30:00+00:00,75.26000213623047
2024-03-26 18:30:00+00:00,75.30999755859375
2024-03-26 19:30:00+00:00,76.56999969482422
2024-03-27 13:30:00+00:00,77.83000183105469
2024-03-27 14:30:00+00:00,76.5
2024-03-27 15:30:00+00:00,76.37999725341797
2024-03-27 16:30:00+00:00,76.16000366210938
2024-03-27 17:30:00+00:00,75.98999786376953
2024-03-27 18:30:00+00:00,76.22000122070312
2024-03-27 19:30:00+00:00,75.69000244140625
2024-03-28 13:30:00+00:00,76.55999755859375
2024-03-28 14:30:00+00:00,76.20999908447266
2024-03-28 15:30:00+00:00,76.0199966430664
2024-03-28 16:30:00+00:00,76.31999969482422
2024-03-28 17:30:00+00:00,76.30000305175781
2024-03-28 18:30:00+00:00,75.88999938964844
2024-03-28 19:30:00+00:00,76.41999816894531
2024-04-01 13:30:00+00:00,79.30999755859375
2024-04-01 14:30:00+00:00,79.87000274658203
2024-04-01 15:30:00+00:00,80.58999633789062
2024-04-01 16:30:00+00:00,80.80999755859375
2024-04-01 17:30:00+00:00,80.43000030517578
2024-04-01 18:30:00+00:00,79.5199966430664
2024-04-01 19:30:00+00:00,78.3499984741211
2024-04-02 13:30:00+00:00,85.5
2024-04-02 14:30:00+00:00,85.70999908447266
2024-04-02 15:30:00+00:00,84.91000366210938
2024-04-02 16:30:00+00:00,84.26000213623047
2024-04-02 17:30:00+00:00,83.25
2024-04-02 18:30:00+00:00,83.37999725341797
2024-04-02 19:30:00+00:00,82.93000030517578
2024-04-03 13:30:00+00:00,82.87999725341797
2024-04-03 14:30:00+00:00,81.05999755859375
2024-04-03 15:30:00+00:00,81.77999877929688
2024-04-03 16:30:00+00:00,81.51000213623047
2024-04-03 17:30:00+00:00,80.86000061035156
2024-04-03 18:30:00+00:00,81.88999938964844
2024-04-03 19:30:00+00:00,81.13999938964844
2024-04-04 13:30:00+00:00,78.62000274658203
2024-04-04 14:30:00+00:00,78.63999938964844
2024-04-04 15:30:00+00:00,78.13999938964844
2024-04-04 16:30:00+00:00,77.83999633789062
2024-04-04 17:30:00+00:00,84.11000061035156
2024-04-04 18:30:00+00:00,90.1500015258789
2024-04-04 19:30:00+00:00,89.69999694824219
2024-04-05 13:30:00+00:00,91.54000091552734
2024-04-05 14:30:00+00:00,91.01000213623047
2024-04-05 15:30:00+00:00,89.01000213623047
2024-04-05 16:30:00+00:00,89.72000122070312
2024-04-05 17:30:00+00:00,90.5
2024-04-05 18:30:00+00:00,90.31999969482422
2024-04-05 19:30:00+00:00,90.76000213623047
2024-04-08 13:30:00+00:00,88.08999633789062
2024-04-08 14:30:00+00:00,86.73999786376953
2024-04-08 15:30:00+00:00,87.16000366210938
2024-04-08 16:30:00+00:00,86.41000366210938
2024-04-08 17:30:00+00:00,86.0999984741211
2024-04-08 18:30:00+00:00,85.91000366210938
2024-04-08 19:30:00+00:00,86.4800033569336
2024-04-09 13:30:00+00:00,86.75
2024-04-09 14:30:00+00:00,88.7300033569336
2024-04-09 15:30:00+00:00,86.51000213623047
2024-04-09 16:30:00+00:00,86.51000213623047
2024-04-09 17:30:00+00:00,86.83999633789062
2024-04-09 18:30:00+00:00,86.43000030517578
2024-04-09 19:30:00+00:00,85.30000305175781
2024-04-10 13:30:00+00:00,93.08000183105469
2024-04-10 14:30:00+00:00,92.55999755859375
2024-04-10 15:30:00+00:00,92.47000122070312
2024-04-10 16:30:00+00:00,91.93000030517578
2024-04-10 17:30:00+00:00,93.97000122070312
2024-04-10 18:30:00+00:00,91.75
2024-04-10 19:30:00+00:00,90.68000030517578
2024-04-11 13:30:00+00:00,96.1500015258789
2024-04-11 14:30:00+00:00,94.48999786376953
2024-04-11 15:30:00+00:00,92.66999816894531
2024-04-11 16:30:00+00:00,90.12000274658203
2024-04-11 17:30:00+00:00,89.22000122070312
2024-04-11 18:30:00+00:00,89.33000183105469
2024-04-11 19:30:00+00:00,89.83000183105469
2024-04-12 13:30:00+00:00,101.52999877929688
2024-04-12 14:30:00+00:00,107.3499984741211
2024-04-12 15:30:00+00:00,107.83999633789062
2024-04-12 16:30:00+00:00,112.29000091552734
2024-04-12 17:30:00+00:00,109.61000061035156
2024-04-12 18:30:00+00:00,107.37000274658203
2024-04-12 19:30:00+00:00,102.61000061035156
2024-04-15 13:30:00+00:00,95.47000122070312
2024-04-15 14:30:00+00:00,98.52999877929688
2024-04-15 15:30:00+00:00,99.19000244140625
2024-04-15 16:30:00+00:00,103.88999938964844
2024-04-15 17:30:00+00:00,110.0999984741211
2024-04-15 18:30:00+00:00,111.01000213623047
2024-04-15 19:30:00+00:00,109.63999938964844
2024-04-16 13:30:00+00:00,105.45999908447266
2024-04-16 14:30:00+00:00,102.56999969482422
2024-04-16 15:30:00+00:00,102.16000366210938
2024-04-16 16:30:00+00:00,101.45999908447266
2024-04-16 17:30:00+00:00,101.87000274658203
2024-04-16 18:30:00+00:00,98.7699966430664
2024-04-16 19:30:00+00:00,99.80000305175781
2024-04-17 13:30:00+00:00,95.83000183105469
2024-04-17 14:30:00+00:00,100.44000244140625
2024-04-17 15:30:00+00:00,101.68000030517578
2024-04-17 16:30:00+00:00,100.11000061035156
2024-04-17 17:30:00+00:00,97.41000366210938
2024-04-17 18:30:00+00:00,98.04000091552734
2024-04-17 19:30:00+00:00,98.44000244140625
2024-04-18 13:30:00+00:00,97.06999969482422
2024-04-18 14:30:00+00:00,93.16000366210938
2024-04-18 15:30:00+00:00,93.62000274658203
2024-04-18 16:30:00+00:00,96.41000366210938
2024-04-18 17:30:00+00:00,96.8499984741211
2024-04-18 18:30:00+00:00,96.29000091552734
2024-04-18 19:30:00+00:00,95.68000030517578
2024-04-19 13:30:00+00:00,98.62000274658203
2024-04-19 14:30:00+00:00,98.68000030517578
2024-04-19 15:30:00+00:00,100.66000366210938
2024-04-19 16:30:00+00:00,99.41000366210938
2024-04-19 17:30:00+00:00,100.69999694824219
2024-04-19 18:30:00+00:00,100.20999908447266
2024-04-19 19:30:00+00:00,99.16999816894531
2024-04-22 13:30:00+00:00,93.37000274658203
2024-04-22 14:30:00+00:00,95.19999694824219
2024-04-22 15:30:00+00:00,92.95999908447266
2024-04-22 16:30:00+00:00,91.20999908447266
2024-04-22 17:30:00+00:00,89.91000366210938
2024-04-22 18:30:00+00:00,90.20999908447266
2024-04-22 19:30:00+00:00,90.0
2024-04-23 13:30:00+00:00,84.91000366210938
2024-04-23 14:30:00+00:00,84.33000183105469
2024-04-23 15:30:00+00:00,84.25
2024-04-23 16:30:00+00:00,84.05999755859375
2024-04-23 17:30:00+00:00,82.95999908447266
2024-04-23 18:30:00+00:00,82.3499984741211
2024-04-23 19:30:00+00:00,82.45999908447266
2024-04-24 13:30:00+00:00,82.30000305175781
2024-04-24 14:30:00+00:00,83.08000183105469
2024-04-24 15:30:00+00:00,84.0999984741211
2024-04-24 16:30:00+00:00,83.16000366210938
2024-04-24 17:30:00+00:00,82.91999816894531
2024-04-24 18:30:00+00:00,83.36000061035156
2024-04-24 19:30:00+00:00,82.29000091552734
2024-04-25 13:30:00+00:00,89.54000091552734
2024-04-25 14:30:00+00:00,88.93000030517578
2024-04-25 15:30:00+00:00,87.05000305175781
2024-04-25 16:30:00+00:00,86.06999969482422
2024-04-25 17:30:00+00:00,85.3499984741211
2024-04-25 18:30:00+00:00,84.37000274658203
2024-04-25 19:30:00+00:00,84.5999984741211
2024-04-26 13:30:00+00:00,81.83999633789062
2024-04-26 14:30:00+00:00,82.30000305175781
2024-04-26 15:30:00+00:00,81.54000091552734
2024-04-26 16:30:00+00:00,80.8499984741211
2024-04-26 17:30:00+00:00,80.4800033569336
2024-04-26 18:30:00+00:00,79.93000030517578
2024-04-26 19:30:00+00:00,79.77999877929688
2024-04-29 13:30:00+00:00,78.55000305175781
2024-04-29 14:30:00+00:00,77.58000183105469
2024-04-29 15:30:00+00:00,78.4000015258789
2024-04-29 16:30:00+00:00,77.81999969482422
2024-04-29 17:30:00+00:00,77.88999938964844
2024-04-29 18:30:00+00:00,79.47000122070312
2024-04-29 19:30:00+00:00,78.3499984741211
2024-04-30 13:30:00+00:00,78.0
2024-04-30 14:30:00+00:00,78.9800033569336
2024-04-30 15:30:00+00:00,78.9800033569336
2024-04-30 16:30:00+00:00,80.31999969482422
2024-04-30 17:30:00+00:00,79.91000366210938
2024-04-30 18:30:00+00:00,79.41999816894531
2024-04-30 19:30:00+00:00,81.31999969482422
2024-05-01 13:30:00+00:00,83.48999786376953
2024-05-01 14:30:00+00:00,82.44000244140625
2024-05-01 15:30:00+00:00,82.0999984741211
2024-05-01 16:30:00+00:00,82.31999969482422
2024-05-01 17:30:00+00:00,79.94999694824219
2024-05-01 18:30:00+00:00,77.5199966430664
2024-05-01 19:30:00+00:00,81.77999877929688
2024-05-02 13:30:00+00:00,80.37999725341797
2024-05-02 14:30:00+00:00,79.69000244140625
2024-05-02 15:30:00+00:00,80.0
2024-05-02 16:30:00+00:00,78.58000183105469
2024-05-02 17:30:00+00:00,78.69999694824219
2024-05-02 18:30:00+00:00,79.23999786376953
2024-05-02 19:30:00+00:00,78.83000183105469
2024-05-03 13:30:00+00:00,75.55999755859375
2024-05-03 14:30:00+00:00,75.44999694824219
2024-05-03 15:30:00+00:00,74.56999969482422
2024-05-03 16:30:00+00:00,74.91999816894531
2024-05-03 17:30:00+00:00,75.43000030517578
2024-05-03 18:30:00+00:00,75.33000183105469
2024-05-03 19:30:00+00:00,74.98999786376953
2024-05-06 13:30:00+00:00,74.25
2024-05-06 14:30:00+00:00,74.30000305175781
2024-05-06 15:30:00+00:00,74.2699966430664
2024-05-06 16:30:00+00:00,74.44000244140625
2024-05-06 17:30:00+00:00,74.41999816894531
2024-05-06 18:30:00+00:00,74.0
2024-05-06 19:30:00+00:00,73.41000366210938
2024-05-07 13:30:00+00:00,73.94000244140625
2024-05-07 14:30:00+00:00,73.51000213623047
2024-05-07 15:30:00+00:00,73.62000274658203
2024-05-07 16:30:00+00:00,73.54000091552734
2024-05-07 17:30:00+00:00,73.80000305175781
2024-05-07 18:30:00+00:00,75.30999755859375
2024-05-07 19:30:00+00:00,74.5199966430664
2024-05-08 13:30:00+00:00,75.08000183105469
2024-05-08 14:30:00+00:00,74.87000274658203
2024-05-08 15:30:00+00:00,74.4800033569336
2024-05-08 16:30:00+00:00,74.93000030517578
2024-05-08 17:30:00+00:00,74.37000274658203
2024-05-08 18:30:00+00:00,74.48999786376953
2024-05-08 19:30:00+00:00,74.31999969482422
2024-05-09 13:30:00+00:00,74.45999908447266
2024-05-09 14:30:00+00:00,74.58000183105469
2024-05-09 15:30:00+00:00,74.70999908447266
2024-05-09 16:30:00+00:00,74.0199966430664
2024-05-09 17:30:00+00:00,73.86000061035156
2024-05-09 18:30:00+00:00,73.7699966430664
2024-05-09 19:30:00+00:00,73.77999877929688
2024-05-10 13:30:00+00:00,73.7300033569336
2024-05-10 14:30:00+00:00,73.0199966430664
2024-05-10 15:30:00+00:00,73.5
2024-05-10 16:30:00+00:00,73.11000061035156
2024-05-10 17:30:00+00:00,73.54000091552734
2024-05-10 18:30:00+00:00,73.73999786376953
2024-05-10 19:30:00+00:00,73.33000183105469
2024-05-13 13:30:00+00:00,75.05999755859375
2024-05-13 14:30:00+00:00,74.81999969482422
2024-05-13 15:30:00+00:00,74.69999694824219
2024-05-13 16:30:00+00:00,76.22000122070312
2024-05-13 17:30:00+00:00,76.36000061035156
2024-05-13 18:30:00+00:00,76.98999786376953
2024-05-13 19:30:00+00:00,77.62000274658203
2024-05-14 13:30:00+00:00,78.73999786376953
2024-05-14 14:30:00+00:00,77.91000366210938
2024-05-14 15:30:00+00:00,78.19000244140625
2024-05-14 16:30:00+00:00,78.69999694824219
2024-05-14 17:30:00+00:00,77.6500015258789
2024-05-14 18:30:00+00:00,78.2300033569336
2024-05-14 19:30:00+00:00,77.93000030517578
2024-05-15 13:30:00+00:00,75.4800033569336
2024-05-15 14:30:00+00:00,75.02999877929688
2024-05-15 15:30:00+00:00,75.88999938964844
2024-05-15 16:30:00+00:00,75.31999969482422
2024-05-15 17:30:00+00:00,75.2699966430664
2024-05-15 18:30:00+00:00,75.94000244140625
2024-05-15 19:30:00+00:00,76.43000030517578
2024-05-16 13:30:00+00:00,75.86000061035156
2024-05-16 14:30:00+00:00,77.38999938964844
2024-05-16 15:30:00+00:00,77.33000183105469
2024-05-16 16:30:00+00:00,77.9000015258789
2024-05-16 17:30:00+00:00,77.83999633789062
2024-05-16 18:30:00+00:00,77.91999816894531
2024-05-16 19:30:00+00:00,77.5
2024-05-17 13:30:00+00:00,78.0199966430664
2024-05-17 14:30:00+00:00,78.61000061035156
2024-05-17 15:30:00+00:00,78.55000305175781
2024-05-17 16:30:00+00:00,78.3499984741211
2024-05-17 17:30:00+00:00,79.02999877929688
2024-05-17 18:30:00+00:00,78.19000244140625
2024-05-17 19:30:00+00:00,78.70999908447266
2024-05-20 13:30:00+00:00,79.98999786376953
2024-05-20 14:30:00+00:00,79.44000244140625
2024-05-20 15:30:00+00:00,79.37999725341797
2024-05-20 16:30:00+00:00,79.68000030517578
2024-05-20 17:30:00+00:00,79.77999877929688
2024-05-20 18:30:00+00:00,79.5
2024-05-20 19:30:00+00:00,79.63999938964844
2024-05-21 13:30:00+00:00,78.63999938964844
2024-05-21 14:30:00+00:00,78.87999725341797
2024-05-21 15:30:00+00:00,78.1500015258789
2024-05-21 16:30:00+00:00,77.62000274658203
2024-05-21 17:30:00+00:00,77.19000244140625
2024-05-21 18:30:00+00:00,77.5199966430664
2024-05-21 19:30:00+00:00,77.83000183105469
2024-05-22 13:30:00+00:00,76.23999786376953
2024-05-22 14:30:00+00:00,76.66999816894531
2024-05-22 15:30:00+00:00,77.8499984741211
2024-05-22 16:30:00+00:00,78.25
2024-05-22 17:30:00+00:00,80.16999816894531
2024-05-22 18:30:00+00:00,79.9000015258789
2024-05-22 19:30:00+00:00,80.69999694824219
2024-05-23 13:30:00+00:00,79.08000183105469
2024-05-23 14:30:00+00:00,81.19999694824219
2024-05-23 15:30:00+00:00,80.01000213623047
2024-05-23 16:30:00+00:00,81.76000213623047
2024-05-23 17:30:00+00:00,85.9800033569336
2024-05-23 18:30:00+00:00,88.01000213623047
2024-05-23 19:30:00+00:00,85.0199966430664
2024-05-24 13:30:00+00:00,80.6500015258789
2024-05-24 14:30:00+00:00,79.61000061035156
2024-05-24 15:30:00+00:00,78.33000183105469
2024-05-24 16:30:00+00:00,78.41999816894531
2024-05-24 17:30:00+00:00,78.43000030517578
2024-05-24 18:30:00+00:00,79.26000213623047
2024-05-24 19:30:00+00:00,79.16000366210938
2024-05-28 13:30:00+00:00,82.30999755859375
2024-05-28 14:30:00+00:00,82.4800033569336
2024-05-28 15:30:00+00:00,82.36000061035156
2024-05-28 16:30:00+00:00,82.02999877929688
2024-05-28 17:30:00+00:00,82.7699966430664
2024-05-28 18:30:00+00:00,82.80000305175781
2024-05-28 19:30:00+00:00,81.4000015258789
2024-05-29 13:30:00+00:00,83.91999816894531
2024-05-29 14:30:00+00:00,83.69999694824219
2024-05-29 15:30:00+00:00,83.29000091552734
2024-05-29 16:30:00+00:00,82.63999938964844
2024-05-29 17:30:00+00:00,82.63999938964844
2024-05-29 18:30:00+00:00,82.44999694824219
2024-05-29 19:30:00+00:00,83.70999908447266
2024-05-30 13:30:00+00:00,82.30999755859375
2024-05-30 14:30:00+00:00,81.87000274658203
2024-05-30 15:30:00+00:00,80.31999969482422
2024-05-30 16:30:00+00:00,80.33999633789062
2024-05-30 17:30:00+00:00,80.62000274658203
2024-05-30 18:30:00+00:00,81.5
2024-05-30 19:30:00+00:00,82.58000183105469
2024-05-31 13:30:00+00:00,82.29000091552734
2024-05-31 14:30:00+00:00,83.91999816894531
2024-05-31 15:30:00+00:00,84.91000366210938
2024-05-31 16:30:00+00:00,82.26000213623047
2024-05-31 17:30:00+00:00,82.02999877929688
2024-05-31 18:30:00+00:00,81.0199966430664
2024-05-31 19:30:00+00:00,78.47000122070312
2024-06-03 13:30:00+00:00,79.5999984741211
2024-06-03 14:30:00+00:00,80.87999725341797
2024-06-03 15:30:00+00:00,82.55999755859375
2024-06-03 16:30:00+00:00,81.41000366210938
2024-06-03 17:30:00+00:00,80.63999938964844
2024-06-03 18:30:00+00:00,79.4800033569336
2024-06-03 19:30:00+00:00,78.66000366210938
2024-06-04 13:30:00+00:00,79.86000061035156
2024-06-04 14:30:00+00:00,80.3499984741211
2024-06-04 15:30:00+00:00,80.31999969482422
2024-06-04 16:30:00+00:00,79.75
2024-06-04 17:30:00+00:00,78.2699966430664
2024-06-04 18:30:00+00:00,78.61000061035156
2024-06-04 19:30:00+00:00,78.08999633789062
2024-06-05 13:30:00+00:00,76.51000213623047
2024-06-05 14:30:00+00:00,75.12999725341797
2024-06-05 15:30:00+00:00,75.1500015258789
2024-06-05 16:30:00+00:00,75.2300033569336
2024-06-05 17:30:00+00:00,75.2300033569336
2024-06-05 18:30:00+00:00,75.44000244140625
2024-06-05 19:30:00+00:00,75.16000366210938
2024-06-06 13:30:00+00:00,75.81999969482422
2024-06-06 14:30:00+00:00,76.1500015258789
2024-06-06 15:30:00+00:00,78.0
2024-06-06 16:30:00+00:00,78.47000122070312
2024-06-06 17:30:00+00:00,78.80000305175781
2024-06-06 18:30:00+00:00,77.91999816894531
2024-06-06 19:30:00+00:00,77.94999694824219
2024-06-07 13:30:00+00:00,77.18000030517578
2024-06-07 14:30:00+00:00,76.72000122070312
2024-06-07 15:30:00+00:00,75.61000061035156
2024-06-07 16:30:00+00:00,75.80999755859375
2024-06-07 17:30:00+00:00,76.52999877929688
2024-06-07 18:30:00+00:00,76.02999877929688
2024-06-07 19:30:00+00:00,76.4800033569336
2024-06-10 13:30:00+00:00,79.87000274658203
2024-06-10 14:30:00+00:00,79.19000244140625
2024-06-10 15:30:00+00:00,79.16000366210938
2024-06-10 16:30:00+00:00,79.3499984741211
2024-06-10 17:30:00+00:00,79.48999786376953
2024-06-10 18:30:00+00:00,79.3499984741211
2024-06-10 19:30:00+00:00,79.0
2024-06-11 13:30:00+00:00,82.95999908447266
2024-06-11 14:30:00+00:00,81.97000122070312
2024-06-11 15:30:00+00:00,81.87000274658203
2024-06-11 16:30:00+00:00,81.63999938964844
2024-06-11 17:30:00+00:00,80.77999877929688
2024-06-11 18:30:00+00:00,80.02999877929688
2024-06-11 19:30:00+00:00,80.0199966430664
2024-06-12 13:30:00+00:00,78.22000122070312
2024-06-12 14:30:00+00:00,78.11000061035156
2024-06-12 15:30:00+00:00,77.7300033569336
2024-06-12 16:30:00+00:00,77.30000305175781
2024-06-12 17:30:00+00:00,77.2699966430664
2024-06-12 18:30:00+00:00,76.95999908447266
2024-06-12 19:30:00+00:00,77.0999984741211
2024-06-13 13:30:00+00:00,78.79000091552734
2024-06-13 14:30:00+00:00,79.55000305175781
2024-06-13 15:30:00+00:00,80.11000061035156
2024-06-13 16:30:00+00:00,79.06999969482422
2024-06-13 17:30:00+00:00,78.66999816894531
2024-06-13 18:30:00+00:00,77.86000061035156
2024-06-13 19:30:00+00:00,78.41999816894531
2024-06-14 13:30:00+00:00,83.5999984741211
2024-06-14 14:30:00+00:00,84.26000213623047
2024-06-14 15:30:00+00:00,83.61000061035156
2024-06-14 16:30:00+00:00,82.25
2024-06-14 17:30:00+00:00,82.97000122070312
2024-06-14 18:30:00+00:00,83.7300033569336
2024-06-14 19:30:00+00:00,83.83999633789062
2024-06-17 13:30:00+00:00,84.08000183105469
2024-06-17 14:30:00+00:00,83.0
2024-06-17 15:30:00+00:00,82.95999908447266
2024-06-17 16:30:00+00:00,82.80000305175781
2024-06-17 17:30:00+00:00,82.91000366210938
2024-06-17 18:30:00+00:00,82.81999969482422
2024-06-17 19:30:00+00:00,83.33000183105469
2024-06-18 13:30:00+00:00,81.66000366210938
2024-06-18 14:30:00+00:00,81.48999786376953
2024-06-18 15:30:00+00:00,81.02999877929688
2024-06-18 16:30:00+00:00,81.0199966430664
2024-06-18 17:30:00+00:00,81.06999969482422
2024-06-18 18:30:00+00:00,80.86000061035156
2024-06-18 19:30:00+00:00,80.62000274658203
2024-06-20 13:30:00+00:00,82.05000305175781
2024-06-20 14:30:00+00:00,83.01000213623047
2024-06-20 15:30:00+00:00,84.61000061035156
2024-06-20 16:30:00+00:00,85.77999877929688
2024-06-20 17:30:00+00:00,84.11000061035156
2024-06-20 18:30:00+00:00,85.48999786376953
2024-06-20 19:30:00+00:00,85.79000091552734
2024-06-21 13:30:00+00:00,85.4000015258789
2024-06-21 14:30:00+00:00,84.56999969482422
2024-06-21 15:30:00+00:00,83.25
2024-06-21 16:30:00+00:00,82.91000366210938
2024-06-21 17:30:00+00:00,82.8499984741211
2024-06-21 18:30:00+00:00,82.75
2024-06-21 19:30:00+00:00,83.12999725341797
2024-06-24 13:30:00+00:00,84.83000183105469
2024-06-24 14:30:00+00:00,84.08000183105469
2024-06-24 15:30:00+00:00,83.31999969482422
2024-06-24 16:30:00+00:00,84.33000183105469
2024-06-24 17:30:00+00:00,84.05999755859375
2024-06-24 18:30:00+00:00,83.66999816894531
2024-06-24 19:30:00+00:00,84.48999786376953
2024-06-25 13:30:00+00:00,84.66000366210938
2024-06-25 14:30:00+00:00,83.79000091552734
2024-06-25 15:30:00+00:00,83.52999877929688
2024-06-25 16:30:00+00:00,83.37000274658203
2024-06-25 17:30:00+00:00,82.94999694824219
2024-06-25 18:30:00+00:00,82.41000366210938
2024-06-25 19:30:00+00:00,82.45999908447266
2024-06-26 13:30:00+00:00,82.58000183105469
2024-06-26 14:30:00+00:00,83.01000213623047
2024-06-26 15:30:00+00:00,82.29000091552734
2024-06-26 16:30:00+00:00,82.55000305175781
2024-06-26 17:30:00+00:00,81.91000366210938
2024-06-26 18:30:00+00:00,81.4800033569336
2024-06-26 19:30:00+00:00,81.3499984741211
2024-06-27 13:30:00+00:00,81.3499984741211
2024-06-27 14:30:00+00:00,81.08000183105469
2024-06-27 15:30:00+00:00,80.33999633789062
2024-06-27 16:30:00+00:00,79.87999725341797
2024-06-27 17:30:00+00:00,79.81999969482422
2024-06-27 18:30:00+00:00,79.58000183105469
2024-06-27 19:30:00+00:00,79.37000274658203
2024-06-28 13:30:00+00:00,79.26000213623047
2024-06-28 14:30:00+00:00,78.6500015258789
2024-06-28 15:30:00+00:00,78.62999725341797
2024-06-28 16:30:00+00:00,78.11000061035156
2024-06-28 17:30:00+00:00,78.13999938964844
2024-06-28 18:30:00+00:00,78.44999694824219
2024-06-28 19:30:00+00:00,79.37999725341797
2024-07-01 13:30:00+00:00,80.19000244140625
2024-07-01 14:30:00+00:00,79.6500015258789
2024-07-01 15:30:00+00:00,77.94000244140625
2024-07-01 16:30:00+00:00,77.83000183105469
2024-07-01 17:30:00+00:00,77.33000183105469
2024-07-01 18:30:00+00:00,77.5
2024-07-01 19:30:00+00:00,76.25
2024-07-02 13:30:00+00:00,76.5
2024-07-02 14:30:00+00:00,75.68000030517578
2024-07-02 15:30:00+00:00,75.58000183105469
2024-07-02 16:30:00+00:00,75.81999969482422
2024-07-02 17:30:00+00:00,76.26000213623047
2024-07-02 18:30:00+00:00,76.20999908447266
2024-07-02 19:30:00+00:00,76.44000244140625
2024-07-03 13:30:00+00:00,77.76000213623047
2024-07-03 14:30:00+00:00,79.19999694824219
2024-07-03 15:30:00+00:00,78.68000030517578
2024-07-03 16:30:00+00:00,78.08000183105469
2024-07-05 13:30:00+00:00,78.63999938964844
2024-07-05 14:30:00+00:00,78.26000213623047
2024-07-05 15:30:00+00:00,77.86000061035156
2024-07-05 16:30:00+00:00,78.58000183105469
2024-07-05 17:30:00+00:00,78.62000274658203
2024-07-05 18:30:00+00:00,78.41000366210938
2024-07-05 19:30:00+00:00,78.87000274658203
2024-07-08 13:30:00+00:00,78.62999725341797
2024-07-08 14:30:00+00:00,78.44000244140625
2024-07-08 15:30:00+00:00,78.86000061035156
2024-07-08 16:30:00+00:00,78.76000213623047
2024-07-08 17:30:00+00:00,78.62000274658203
2024-07-08 18:30:00+00:00,78.3499984741211
2024-07-08 19:30:00+00:00,78.5999984741211
2024-07-09 13:30:00+00:00,78.66999816894531
2024-07-09 14:30:00+00:00,78.51000213623047
2024-07-09 15:30:00+00:00,78.16999816894531
2024-07-09 16:30:00+00:00,79.2300033569336
2024-07-09 17:30:00+00:00,78.91999816894531
2024-07-09 18:30:00+00:00,78.38999938964844
2024-07-09 19:30:00+00:00,78.47000122070312
2024-07-10 13:30:00+00:00,82.61000061035156
2024-07-10 14:30:00+00:00,82.80999755859375
2024-07-10 15:30:00+00:00,81.70999908447266
2024-07-10 16:30:00+00:00,81.83999633789062
2024-07-10 17:30:00+00:00,82.54000091552734
2024-07-10 18:30:00+00:00,83.4000015258789
2024-07-10 19:30:00+00:00,83.37999725341797
2024-07-11 13:30:00+00:00,83.68000030517578
2024-07-11 14:30:00+00:00,85.19000244140625
2024-07-11 15:30:00+00:00,86.11000061035156
2024-07-11 16:30:00+00:00,85.62999725341797
2024-07-11 17:30:00+00:00,86.4000015258789
2024-07-11 18:30:00+00:00,85.55999755859375
2024-07-11 19:30:00+00:00,83.69999694824219
2024-07-12 13:30:00+00:00,80.62999725341797
2024-07-12 14:30:00+00:00,79.6500015258789
2024-07-12 15:30:00+00:00,80.44000244140625
2024-07-12 16:30:00+00:00,80.19999694824219
2024-07-12 17:30:00+00:00,80.5
2024-07-12 18:30:00+00:00,80.61000061035156
2024-07-12 19:30:00+00:00,81.4800033569336
2024-07-15 13:30:00+00:00,81.13999938964844
2024-07-15 14:30:00+00:00,82.12999725341797
2024-07-15 15:30:00+00:00,82.30999755859375
2024-07-15 16:30:00+00:00,83.05999755859375
2024-07-15 17:30:00+00:00,83.5999984741211
2024-07-15 18:30:00+00:00,83.2699966430664
2024-07-15 19:30:00+00:00,84.0999984741211
2024-07-16 13:30:00+00:00,82.5
2024-07-16 14:30:00+00:00,80.80999755859375
2024-07-16 15:30:00+00:00,81.48999786376953
2024-07-16 16:30:00+00:00,80.97000122070312
2024-07-16 17:30:00+00:00,81.3499984741211
2024-07-16 18:30:00+00:00,81.73999786376953
2024-07-16 19:30:00+00:00,82.5199966430664
2024-07-17 13:30:00+00:00,84.81999969482422
2024-07-17 14:30:00+00:00,85.81999969482422
2024-07-17 15:30:00+00:00,87.26000213623047
2024-07-17 16:30:00+00:00,87.4000015258789
2024-07-17 17:30:00+00:00,85.61000061035156
2024-07-17 18:30:00+00:00,86.43000030517578
2024-07-17 19:30:00+00:00,87.5999984741211
2024-07-18 13:30:00+00:00,83.98999786376953
2024-07-18 14:30:00+00:00,92.33000183105469
2024-07-18 15:30:00+00:00,93.55999755859375
2024-07-18 16:30:00+00:00,91.95999908447266
2024-07-18 17:30:00+00:00,92.95999908447266
2024-07-18 18:30:00+00:00,94.58999633789062
2024-07-18 19:30:00+00:00,94.69999694824219
2024-07-19 13:30:00+00:00,97.63999938964844
2024-07-19 14:30:00+00:00,101.2300033569336
2024-07-19 15:30:00+00:00,97.7699966430664
2024-07-19 16:30:00+00:00,99.75
2024-07-19 17:30:00+00:00,98.83999633789062
2024-07-19 18:30:00+00:00,96.9000015258789
2024-07-19 19:30:00+00:00,98.26000213623047
2024-07-22 13:30:00+00:00,94.16999816894531
2024-07-22 14:30:00+00:00,94.05999755859375
2024-07-22 15:30:00+00:00,93.80999755859375
2024-07-22 16:30:00+00:00,91.4800033569336
2024-07-22 17:30:00+00:00,91.13999938964844
2024-07-22 18:30:00+00:00,91.12000274658203
2024-07-22 19:30:00+00:00,93.48999786376953
2024-07-23 13:30:00+00:00,90.08000183105469
2024-07-23 14:30:00+00:00,89.41000366210938
2024-07-23 15:30:00+00:00,89.80999755859375
2024-07-23 16:30:00+00:00,88.80000305175781
2024-07-23 17:30:00+00:00,88.58000183105469
2024-07-23 18:30:00+00:00,88.11000061035156
2024-07-23 19:30:00+00:00,88.81999969482422
2024-07-24 13:30:00+00:00,99.55999755859375
2024-07-24 14:30:00+00:00,99.5199966430664
2024-07-24 15:30:00+00:00,101.31999969482422
2024-07-24 16:30:00+00:00,102.73999786376953
2024-07-24 17:30:00+00:00,103.94000244140625
2024-07-24 18:30:00+00:00,103.9800033569336
2024-07-24 19:30:00+00:00,106.4800033569336
2024-07-25 13:30:00+00:00,106.5199966430664
2024-07-25 14:30:00+00:00,102.36000061035156
2024-07-25 15:30:00+00:00,98.44999694824219
2024-07-25 16:30:00+00:00,98.4000015258789
2024-07-25 17:30:00+00:00,99.5
2024-07-25 18:30:00+00:00,97.87000274658203
2024-07-25 19:30:00+00:00,102.70999908447266
2024-07-26 13:30:00+00:00,97.1500015258789
2024-07-26 14:30:00+00:00,96.91000366210938
2024-07-26 15:30:00+00:00,95.08000183105469
2024-07-26 16:30:00+00:00,94.05999755859375
2024-07-26 17:30:00+00:00,95.01000213623047
2024-07-26 18:30:00+00:00,95.44000244140625
2024-07-26 19:30:00+00:00,95.2300033569336
2024-07-29 13:30:00+00:00,95.7300033569336
2024-07-29 14:30:00+00:00,96.5999984741211
2024-07-29 15:30:00+00:00,94.4000015258789
2024-07-29 16:30:00+00:00,93.69000244140625
2024-07-29 17:30:00+00:00,93.4800033569336
2024-07-29 18:30:00+00:00,93.2300033569336
2024-07-29 19:30:00+00:00,93.51000213623047
2024-07-30 13:30:00+00:00,94.94000244140625
2024-07-30 14:30:00+00:00,97.9800033569336
2024-07-30 15:30:00+00:00,98.08000183105469
2024-07-30 16:30:00+00:00,100.44000244140625
2024-07-30 17:30:00+00:00,97.83000183105469
2024-07-30 18:30:00+00:00,97.62000274658203
2024-07-30 19:30:00+00:00,98.04000091552734
2024-07-31 13:30:00+00:00,91.91999816894531
2024-07-31 14:30:00+00:00,91.94000244140625
2024-07-31 15:30:00+00:00,91.83999633789062
2024-07-31 16:30:00+00:00,90.87999725341797
2024-07-31 17:30:00+00:00,89.95999908447266
2024-07-31 18:30:00+00:00,91.77999877929688
2024-07-31 19:30:00+00:00,95.47000122070312
2024-08-01 13:30:00+00:00,98.16999816894531
2024-08-01 14:30:00+00:00,106.62999725341797
2024-08-01 15:30:00+00:00,107.05999755859375
2024-08-01 16:30:00+00:00,111.2300033569336
2024-08-01 17:30:00+00:00,114.58999633789062
2024-08-01 18:30:00+00:00,111.01000213623047
2024-08-01 19:30:00+00:00,110.31999969482422
2024-08-02 13:30:00+00:00,144.36000061035156
2024-08-02 14:30:00+00:00,148.47000122070312
2024-08-02 15:30:00+00:00,130.38999938964844
2024-08-02 16:30:00+00:00,143.72999572753906
2024-08-02 17:30:00+00:00,139.67999267578125
2024-08-02 18:30:00+00:00,137.72999572753906
2024-08-02 19:30:00+00:00,138.74000549316406
2024-08-05 13:30:00+00:00,184.1999969482422
2024-08-05 14:30:00+00:00,179.08999633789062
2024-08-05 15:30:00+00:00,164.1199951171875
2024-08-05 16:30:00+00:00,171.74000549316406
2024-08-05 17:30:00+00:00,171.8300018310547
2024-08-05 18:30:00+00:00,174.08999633789062
2024-08-05 19:30:00+00:00,179.3800048828125
2024-08-06 13:30:00+00:00,157.4600067138672
2024-08-06 14:30:00+00:00,154.16000366210938
2024-08-06 15:30:00+00:00,143.0399932861328
2024-08-06 16:30:00+00:00,138.7100067138672
2024-08-06 17:30:00+00:00,140.8000030517578
2024-08-06 18:30:00+00:00,147.13999938964844
2024-08-06 19:30:00+00:00,158.8000030517578
2024-08-07 13:30:00+00:00,133.10000610351562
2024-08-07 14:30:00+00:00,130.8800048828125
2024-08-07 15:30:00+00:00,134.57000732421875
2024-08-07 16:30:00+00:00,142.92999267578125
2024-08-07 17:30:00+00:00,150.99000549316406
2024-08-07 18:30:00+00:00,150.8300018310547
2024-08-07 19:30:00+00:00,153.6999969482422
2024-08-08 13:30:00+00:00,143.64999389648438
2024-08-08 14:30:00+00:00,140.7100067138672
2024-08-08 15:30:00+00:00,139.3300018310547
2024-08-08 16:30:00+00:00,138.36000061035156
2024-08-08 17:30:00+00:00,136.39999389648438
2024-08-08 18:30:00+00:00,137.3800048828125
2024-08-08 19:30:00+00:00,134.9499969482422
2024-08-09 13:30:00+00:00,127.02999877929688
2024-08-09 14:30:00+00:00,126.0199966430664
2024-08-09 15:30:00+00:00,124.95999908447266
2024-08-09 16:30:00+00:00,121.13999938964844
2024-08-09 17:30:00+00:00,120.33999633789062
2024-08-09 18:30:00+00:00,118.72000122070312
2024-08-09 19:30:00+00:00,114.12000274658203
2024-08-12 13:30:00+00:00,109.61000061035156
2024-08-12 14:30:00+00:00,110.54000091552734
2024-08-12 15:30:00+00:00,112.72000122070312
2024-08-12 16:30:00+00:00,116.2699966430664
2024-08-12 17:30:00+00:00,120.08999633789062
2024-08-12 18:30:00+00:00,120.55000305175781
2024-08-12 19:30:00+00:00,123.16999816894531
2024-08-13 13:30:00+00:00,115.87999725341797
2024-08-13 14:30:00+00:00,117.91999816894531
2024-08-13 15:30:00+00:00,117.36000061035156
2024-08-13 16:30:00+00:00,116.02999877929688
2024-08-13 17:30:00+00:00,115.37999725341797
2024-08-13 18:30:00+00:00,114.62000274658203
2024-08-13 19:30:00+00:00,113.83000183105469
2024-08-14 13:30:00+00:00,114.41000366210938
2024-08-14 14:30:00+00:00,113.48999786376953
2024-08-14 15:30:00+00:00,113.94999694824219
2024-08-14 16:30:00+00:00,112.76000213623047
2024-08-14 17:30:00+00:00,111.33999633789062
2024-08-14 18:30:00+00:00,110.2300033569336
2024-08-14 19:30:00+00:00,107.93000030517578
2024-08-15 13:30:00+00:00,100.61000061035156
2024-08-15 14:30:00+00:00,100.79000091552734
2024-08-15 15:30:00+00:00,104.0199966430664
2024-08-15 16:30:00+00:00,104.01000213623047
2024-08-15 17:30:00+00:00,103.5
2024-08-15 18:30:00+00:00,103.55000305175781
2024-08-15 19:30:00+00:00,105.63999938964844
2024-08-16 13:30:00+00:00,105.33999633789062
2024-08-16 14:30:00+00:00,104.79000091552734
2024-08-16 15:30:00+00:00,104.22000122070312
2024-08-16 16:30:00+00:00,102.19000244140625
2024-08-16 17:30:00+00:00,103.27999877929688
2024-08-16 18:30:00+00:00,104.05999755859375
2024-08-16 19:30:00+00:00,102.9000015258789
2024-08-19 13:30:00+00:00,102.0999984741211
2024-08-19 14:30:00+00:00,100.12999725341797
2024-08-19 15:30:00+00:00,100.44999694824219
2024-08-19 16:30:00+00:00,101.47000122070312
2024-08-19 17:30:00+00:00,100.8499984741211
2024-08-19 18:30:00+00:00,99.83999633789062
2024-08-19 19:30:00+00:00,97.91000366210938
2024-08-20 13:30:00+00:00,100.77999877929688
2024-08-20 14:30:00+00:00,101.83000183105469
2024-08-20 15:30:00+00:00,102.69000244140625
2024-08-20 16:30:00+00:00,104.47000122070312
2024-08-20 17:30:00+00:00,101.47000122070312
2024-08-20 18:30:00+00:00,100.66999816894531
2024-08-20 19:30:00+00:00,101.72000122070312
2024-08-21 13:30:00+00:00,105.44999694824219
2024-08-21 14:30:00+00:00,105.48999786376953
2024-08-21 15:30:00+00:00,108.12000274658203
2024-08-21 16:30:00+00:00,108.19000244140625
2024-08-21 17:30:00+00:00,107.12999725341797
2024-08-21 18:30:00+00:00,107.18000030517578
2024-08-21 19:30:00+00:00,106.44000244140625
2024-08-22 13:30:00+00:00,107.87999725341797
2024-08-22 14:30:00+00:00,109.36000061035156
2024-08-22 15:30:00+00:00,109.0999984741211
2024-08-22 16:30:00+00:00,110.58999633789062
2024-08-22 17:30:00+00:00,112.19000244140625
2024-08-22 18:30:00+00:00,112.66000366210938
2024-08-22 19:30:00+00:00,113.58999633789062
2024-08-23 13:30:00+00:00,103.83000183105469
2024-08-23 14:30:00+00:00,105.20999908447266
2024-08-23 15:30:00+00:00,108.44000244140625
2024-08-23 16:30:00+00:00,105.36000061035156
2024-08-23 17:30:00+00:00,104.29000091552734
2024-08-23 18:30:00+00:00,100.4000015258789
2024-08-23 19:30:00+00:00,99.12000274658203
2024-08-26 13:30:00+00:00,100.98999786376953
2024-08-26 14:30:00+00:00,102.66000366210938
2024-08-26 15:30:00+00:00,101.1500015258789
2024-08-26 16:30:00+00:00,99.76000213623047
2024-08-26 17:30:00+00:00,101.5
2024-08-26 18:30:00+00:00,99.9800033569336
2024-08-26 19:30:00+00:00,100.5999984741211
2024-08-27 13:30:00+00:00,100.30999755859375
2024-08-27 14:30:00+00:00,97.86000061035156
2024-08-27 15:30:00+00:00,97.26000213623047
2024-08-27 16:30:00+00:00,94.69000244140625
2024-08-27 17:30:00+00:00,94.9000015258789
2024-08-27 18:30:00+00:00,93.56999969482422
2024-08-27 19:30:00+00:00,93.8499984741211
2024-08-28 13:30:00+00:00,95.56999969482422
2024-08-28 14:30:00+00:00,101.26000213623047
2024-08-28 15:30:00+00:00,100.63999938964844
2024-08-28 16:30:00+00:00,101.44999694824219
2024-08-28 17:30:00+00:00,107.91999816894531
2024-08-28 18:30:00+00:00,105.4000015258789
2024-08-28 19:30:00+00:00,106.11000061035156
2024-08-29 13:30:00+00:00,95.20999908447266
2024-08-29 14:30:00+00:00,96.62000274658203
2024-08-29 15:30:00+00:00,95.45999908447266
2024-08-29 16:30:00+00:00,94.87999725341797
2024-08-29 17:30:00+00:00,96.43000030517578
2024-08-29 18:30:00+00:00,99.02999877929688
2024-08-29 19:30:00+00:00,98.06999969482422
2024-08-30 13:30:00+00:00,92.05999755859375
2024-08-30 14:30:00+00:00,94.73999786376953
2024-08-30 15:30:00+00:00,97.45999908447266
2024-08-30 16:30:00+00:00,96.44999694824219
2024-08-30 17:30:00+00:00,95.77999877929688
2024-08-30 18:30:00+00:00,94.4000015258789
2024-08-30 19:30:00+00:00,93.68000030517578
2024-09-03 13:30:00+00:00,110.54000091552734
2024-09-03 14:30:00+00:00,111.38999938964844
2024-09-03 15:30:00+00:00,111.33999633789062
2024-09-03 16:30:00+00:00,115.37000274658203
2024-09-03 17:30:00+00:00,122.87999725341797
2024-09-03 18:30:00+00:00,128.42999267578125
2024-09-03 19:30:00+00:00,132.7100067138672
2024-09-04 13:30:00+00:00,120.6500015258789
2024-09-04 14:30:00+00:00,117.5
2024-09-04 15:30:00+00:00,119.94999694824219
2024-09-04 16:30:00+00:00,124.06999969482422
2024-09-04 17:30:00+00:00,123.54000091552734
2024-09-04 18:30:00+00:00,123.19999694824219
2024-09-04 19:30:00+00:00,121.86000061035156
2024-09-05 13:30:00+00:00,114.95999908447266
2024-09-05 14:30:00+00:00,122.02999877929688
2024-09-05 15:30:00+00:00,120.0999984741211
2024-09-05 16:30:00+00:00,119.87999725341797
2024-09-05 17:30:00+00:00,115.7300033569336
2024-09-05 18:30:00+00:00,115.62000274658203
2024-09-05 19:30:00+00:00,115.81999969482422
2024-09-06 13:30:00+00:00,118.1500015258789
2024-09-06 14:30:00+00:00,128.16000366210938
2024-09-06 15:30:00+00:00,127.9000015258789
2024-09-06 16:30:00+00:00,123.08999633789062
2024-09-06 17:30:00+00:00,122.86000061035156
2024-09-06 18:30:00+00:00,120.91999816894531
2024-09-06 19:30:00+00:00,119.12000274658203
2024-09-09 13:30:00+00:00,113.87000274658203
2024-09-09 14:30:00+00:00,116.95999908447266
2024-09-09 15:30:00+00:00,111.95999908447266
2024-09-09 16:30:00+00:00,110.91000366210938
2024-09-09 17:30:00+00:00,112.08999633789062
2024-09-09 18:30:00+00:00,111.81999969482422
2024-09-09 19:30:00+00:00,111.4000015258789
2024-09-10 13:30:00+00:00,109.70999908447266
2024-09-10 14:30:00+00:00,110.44999694824219
2024-09-10 15:30:00+00:00,114.11000061035156
2024-09-10 16:30:00+00:00,112.6500015258789
2024-09-10 17:30:00+00:00,109.9800033569336
2024-09-10 18:30:00+00:00,107.73999786376953
2024-09-10 19:30:00+00:00,107.02999877929688
2024-09-11 13:30:00+00:00,118.19000244140625
2024-09-11 14:30:00+00:00,115.47000122070312
2024-09-11 15:30:00+00:00,109.86000061035156
2024-09-11 16:30:00+00:00,105.87000274658203
2024-09-11 17:30:00+00:00,103.72000122070312
2024-09-11 18:30:00+00:00,103.22000122070312
2024-09-11 19:30:00+00:00,101.69000244140625
2024-09-12 13:30:00+00:00,102.77999877929688
2024-09-12 14:30:00+00:00,102.88999938964844
2024-09-12 15:30:00+00:00,105.05000305175781
2024-09-12 16:30:00+00:00,104.01000213623047
2024-09-12 17:30:00+00:00,103.81999969482422
2024-09-12 18:30:00+00:00,103.13999938964844
2024-09-12 19:30:00+00:00,103.26000213623047
2024-09-13 13:30:00+00:00,103.05999755859375
2024-09-13 14:30:00+00:00,99.77999877929688
2024-09-13 15:30:00+00:00,100.63999938964844
2024-09-13 16:30:00+00:00,99.87000274658203
2024-09-13 17:30:00+00:00,101.3499984741211
2024-09-13 18:30:00+00:00,102.58000183105469
2024-09-13 19:30:00+00:00,101.36000061035156
2024-09-16 13:30:00+00:00,107.33999633789062
2024-09-16 14:30:00+00:00,110.80000305175781
2024-09-16 15:30:00+00:00,109.05000305175781
2024-09-16 16:30:00+00:00,107.76000213623047
2024-09-16 17:30:00+00:00,106.77999877929688
2024-09-16 18:30:00+00:00,107.47000122070312
2024-09-16 19:30:00+00:00,106.37999725341797
2024-09-17 13:30:00+00:00,105.54000091552734
2024-09-17 14:30:00+00:00,104.26000213623047
2024-09-17 15:30:00+00:00,106.0999984741211
2024-09-17 16:30:00+00:00,106.29000091552734
2024-09-17 17:30:00+00:00,106.55000305175781
2024-09-17 18:30:00+00:00,108.30000305175781
2024-09-17 19:30:00+00:00,107.77999877929688
2024-09-18 13:30:00+00:00,109.12000274658203
2024-09-18 14:30:00+00:00,107.58000183105469
2024-09-18 15:30:00+00:00,109.3499984741211
2024-09-18 16:30:00+00:00,108.08000183105469
2024-09-18 17:30:00+00:00,102.62000274658203
2024-09-18 18:30:00+00:00,102.83999633789062
2024-09-18 19:30:00+00:00,104.37000274658203
2024-09-19 13:30:00+00:00,99.4000015258789
2024-09-19 14:30:00+00:00,100.4800033569336
2024-09-19 15:30:00+00:00,100.31999969482422
2024-09-19 16:30:00+00:00,100.30000305175781
2024-09-19 17:30:00+00:00,100.13999938964844
2024-09-19 18:30:00+00:00,99.13999938964844
2024-09-19 19:30:00+00:00,97.54000091552734
2024-09-20 13:30:00+00:00,97.62000274658203
2024-09-20 14:30:00+00:00,97.69000244140625
2024-09-20 15:30:00+00:00,95.08999633789062
2024-09-20 16:30:00+00:00,94.41999816894531
2024-09-20 17:30:00+00:00,97.25
2024-09-20 18:30:00+00:00,93.6500015258789
2024-09-20 19:30:00+00:00,94.01000213623047
2024-09-23 13:30:00+00:00,94.0
2024-09-23 14:30:00+00:00,95.3499984741211
2024-09-23 15:30:00+00:00,95.16999816894531
2024-09-23 16:30:00+00:00,96.1500015258789
2024-09-23 17:30:00+00:00,95.43000030517578
2024-09-23 18:30:00+00:00,94.66999816894531
2024-09-23 19:30:00+00:00,94.6500015258789
2024-09-24 13:30:00+00:00,93.81999969482422
2024-09-24 14:30:00+00:00,94.08000183105469
2024-09-24 15:30:00+00:00,93.9000015258789
2024-09-24 16:30:00+00:00,93.43000030517578
2024-09-24 17:30:00+00:00,92.75
2024-09-24 18:30:00+00:00,91.1500015258789
2024-09-24 19:30:00+00:00,90.83999633789062
2024-09-25 13:30:00+00:00,91.3499984741211
2024-09-25 14:30:00+00:00,90.8499984741211
2024-09-25 15:30:00+00:00,90.91000366210938
2024-09-25 16:30:00+00:00,91.63999938964844
2024-09-25 17:30:00+00:00,91.66999816894531
2024-09-25 18:30:00+00:00,91.20999908447266
2024-09-25 19:30:00+00:00,91.01000213623047
2024-09-26 13:30:00+00:00,92.29000091552734
2024-09-26 14:30:00+00:00,90.37999725341797
2024-09-26 15:30:00+00:00,91.37999725341797
2024-09-26 16:30:00+00:00,91.47000122070312
2024-09-26 17:30:00+00:00,90.16999816894531
2024-09-26 18:30:00+00:00,90.30000305175781
2024-09-26 19:30:00+00:00,89.81999969482422
2024-09-27 13:30:00+00:00,91.01000213623047
2024-09-27 14:30:00+00:00,91.37999725341797
2024-09-27 15:30:00+00:00,92.87000274658203
2024-09-27 16:30:00+00:00,94.29000091552734
2024-09-27 17:30:00+00:00,97.30000305175781
2024-09-27 18:30:00+00:00,98.9000015258789
2024-09-27 19:30:00+00:00,100.93000030517578
2024-09-30 13:30:00+00:00,104.37999725341797
2024-09-30 14:30:00+00:00,100.94999694824219
2024-09-30 15:30:00+00:00,98.94999694824219
2024-09-30 16:30:00+00:00,100.63999938964844
2024-09-30 17:30:00+00:00,102.44000244140625
2024-09-30 18:30:00+00:00,100.5199966430664
2024-09-30 19:30:00+00:00,99.30999755859375
2024-10-01 13:30:00+00:00,115.41999816894531
2024-10-01 14:30:00+00:00,113.80999755859375
2024-10-01 15:30:00+00:00,108.91999816894531
2024-10-01 16:30:00+00:00,114.83000183105469
2024-10-01 17:30:00+00:00,107.38999938964844
2024-10-01 18:30:00+00:00,107.62999725341797
2024-10-01 19:30:00+00:00,111.08999633789062
2024-10-02 13:30:00+00:00,112.11000061035156
2024-10-02 14:30:00+00:00,108.23999786376953
2024-10-02 15:30:00+00:00,107.31999969482422
2024-10-02 16:30:00+00:00,108.62999725341797
2024-10-02 17:30:00+00:00,108.0
2024-10-02 18:30:00+00:00,107.19999694824219
2024-10-02 19:30:00+00:00,107.26000213623047
2024-10-03 13:30:00+00:00,113.01000213623047
2024-10-03 14:30:00+00:00,113.80000305175781
2024-10-03 15:30:00+00:00,112.1500015258789
2024-10-03 16:30:00+00:00,114.08000183105469
2024-10-03 17:30:00+00:00,114.2300033569336
2024-10-03 18:30:00+00:00,114.76000213623047
2024-10-03 19:30:00+00:00,115.01000213623047
2024-10-04 13:30:00+00:00,112.77999877929688
2024-10-04 14:30:00+00:00,113.55000305175781
2024-10-04 15:30:00+00:00,112.04000091552734
2024-10-04 16:30:00+00:00,111.27999877929688
2024-10-04 17:30:00+00:00,111.08999633789062
2024-10-04 18:30:00+00:00,110.3499984741211
2024-10-04 19:30:00+00:00,109.83999633789062
2024-10-07 13:30:00+00:00,114.13999938964844
2024-10-07 14:30:00+00:00,113.5199966430664
2024-10-07 15:30:00+00:00,113.86000061035156
2024-10-07 16:30:00+00:00,115.08000183105469
2024-10-07 17:30:00+00:00,117.2699966430664
2024-10-07 18:30:00+00:00,119.87000274658203
2024-10-07 19:30:00+00:00,122.5999984741211
2024-10-08 13:30:00+00:00,115.05999755859375
2024-10-08 14:30:00+00:00,114.01000213623047
2024-10-08 15:30:00+00:00,113.9800033569336
2024-10-08 16:30:00+00:00,116.45999908447266
2024-10-08 17:30:00+00:00,115.20999908447266
2024-10-08 18:30:00+00:00,114.7300033569336
2024-10-08 19:30:00+00:00,114.88999938964844
2024-10-09 13:30:00+00:00,121.29000091552734
2024-10-09 14:30:00+00:00,121.37999725341797
2024-10-09 15:30:00+00:00,120.37999725341797
2024-10-09 16:30:00+00:00,120.76000213623047
2024-10-09 17:30:00+00:00,121.16999816894531
2024-10-09 18:30:00+00:00,119.94999694824219
2024-10-09 19:30:00+00:00,118.77999877929688
2024-10-10 13:30:00+00:00,118.95999908447266
2024-10-10 14:30:00+00:00,117.52999877929688
2024-10-10 15:30:00+00:00,118.68000030517578
2024-10-10 16:30:00+00:00,119.33000183105469
2024-10-10 17:30:00+00:00,118.91000366210938
2024-10-10 18:30:00+00:00,118.16999816894531
2024-10-10 19:30:00+00:00,117.52999877929688
2024-10-11 13:30:00+00:00,116.29000091552734
2024-10-11 14:30:00+00:00,116.2699966430664
2024-10-11 15:30:00+00:00,115.44999694824219
2024-10-11 16:30:00+00:00,115.11000061035156
2024-10-11 17:30:00+00:00,113.4000015258789
2024-10-11 18:30:00+00:00,113.98999786376953
2024-10-11 19:30:00+00:00,113.52999877929688
2024-10-14 13:30:00+00:00,109.41000366210938
2024-10-14 14:30:00+00:00,109.29000091552734
2024-10-14 15:30:00+00:00,108.38999938964844
2024-10-14 16:30:00+00:00,108.87000274658203
2024-10-14 17:30:00+00:00,109.02999877929688
2024-10-14 18:30:00+00:00,108.79000091552734
2024-10-14 19:30:00+00:00,107.81999969482422
2024-10-15 13:30:00+00:00,106.91000366210938
2024-10-15 14:30:00+00:00,110.33999633789062
2024-10-15 15:30:00+00:00,110.52999877929688
2024-10-15 16:30:00+00:00,110.55999755859375
2024-10-15 17:30:00+00:00,110.69999694824219
2024-10-15 18:30:00+00:00,111.91000366210938
2024-10-15 19:30:00+00:00,113.04000091552734
2024-10-16 13:30:00+00:00,112.69999694824219
2024-10-16 14:30:00+00:00,113.62999725341797
2024-10-16 15:30:00+00:00,112.79000091552734
2024-10-16 16:30:00+00:00,112.2699966430664
2024-10-16 17:30:00+00:00,112.26000213623047
2024-10-16 18:30:00+00:00,112.45999908447266
2024-10-16 19:30:00+00:00,111.16000366210938
2024-10-17 13:30:00+00:00,109.83999633789062
2024-10-17 14:30:00+00:00,108.61000061035156
2024-10-17 15:30:00+00:00,107.8499984741211
2024-10-17 16:30:00+00:00,106.97000122070312
2024-10-17 17:30:00+00:00,107.83000183105469
2024-10-17 18:30:00+00:00,106.79000091552734
2024-10-17 19:30:00+00:00,106.11000061035156
2024-10-18 13:30:00+00:00,102.44000244140625
2024-10-18 14:30:00+00:00,101.68000030517578
2024-10-18 15:30:00+00:00,100.44999694824219
2024-10-18 16:30:00+00:00,100.3499984741211
2024-10-18 17:30:00+00:00,100.58999633789062
2024-10-18 18:30:00+00:00,100.72000122070312
2024-10-18 19:30:00+00:00,100.94000244140625
2024-10-21 13:30:00+00:00,103.54000091552734
2024-10-21 14:30:00+00:00,106.45999908447266
2024-10-21 15:30:00+00:00,105.3499984741211
2024-10-21 16:30:00+00:00,103.7300033569336
2024-10-21 17:30:00+00:00,104.27999877929688
2024-10-21 18:30:00+00:00,103.72000122070312
2024-10-21 19:30:00+00:00,102.9800033569336
2024-10-22 13:30:00+00:00,104.95999908447266
2024-10-22 14:30:00+00:00,104.0999984741211
2024-10-22 15:30:00+00:00,103.9000015258789
2024-10-22 16:30:00+00:00,102.08999633789062
2024-10-22 17:30:00+00:00,100.68000030517578
2024-10-22 18:30:00+00:00,100.69000244140625
2024-10-22 19:30:00+00:00,100.44000244140625
2024-10-23 13:30:00+00:00,102.87000274658203
2024-10-23 14:30:00+00:00,105.9000015258789
2024-10-23 15:30:00+00:00,108.23999786376953
2024-10-23 16:30:00+00:00,110.2300033569336
2024-10-23 17:30:00+00:00,111.1500015258789
2024-10-23 18:30:00+00:00,109.27999877929688
2024-10-23 19:30:00+00:00,108.83000183105469
2024-10-24 13:30:00+00:00,108.4000015258789
2024-10-24 14:30:00+00:00,110.0
2024-10-24 15:30:00+00:00,111.80000305175781
2024-10-24 16:30:00+00:00,109.02999877929688
2024-10-24 17:30:00+00:00,110.44999694824219
2024-10-24 18:30:00+00:00,109.72000122070312
2024-10-24 19:30:00+00:00,110.02999877929688
2024-10-25 13:30:00+00:00,107.20999908447266
2024-10-25 14:30:00+00:00,109.16999816894531
2024-10-25 15:30:00+00:00,109.73999786376953
2024-10-25 16:30:00+00:00,111.95999908447266
2024-10-25 17:30:00+00:00,115.16999816894531
2024-10-25 18:30:00+00:00,115.61000061035156
2024-10-25 19:30:00+00:00,117.62000274658203
2024-10-28 13:30:00+00:00,112.3499984741211
2024-10-28 14:30:00+00:00,112.80000305175781
2024-10-28 15:30:00+00:00,112.91999816894531
2024-10-28 16:30:00+00:00,112.62000274658203
2024-10-28 17:30:00+00:00,112.0
2024-10-28 18:30:00+00:00,111.9000015258789
2024-10-28 19:30:00+00:00,112.01000213623047
2024-10-29 13:30:00+00:00,110.77999877929688
2024-10-29 14:30:00+00:00,110.95999908447266
2024-10-29 15:30:00+00:00,109.91000366210938
2024-10-29 16:30:00+00:00,109.23999786376953
2024-10-29 17:30:00+00:00,109.02999877929688
2024-10-29 18:30:00+00:00,108.83999633789062
2024-10-29 19:30:00+00:00,109.08000183105469
2024-10-30 13:30:00+00:00,109.81999969482422
2024-10-30 14:30:00+00:00,110.9800033569336
2024-10-30 15:30:00+00:00,110.83000183105469
2024-10-30 16:30:00+00:00,111.5999984741211
2024-10-30 17:30:00+00:00,112.0999984741211
2024-10-30 18:30:00+00:00,111.87000274658203
2024-10-30 19:30:00+00:00,112.33000183105469
2024-10-31 13:30:00+00:00,122.7300033569336
2024-10-31 14:30:00+00:00,122.87000274658203
2024-10-31 15:30:00+00:00,123.30000305175781
2024-10-31 16:30:00+00:00,122.23999786376953
2024-10-31 17:30:00+00:00,122.56999969482422
2024-10-31 18:30:00+00:00,120.47000122070312
2024-10-31 19:30:00+00:00,123.02999877929688
2024-11-01 13:30:00+00:00,116.16999816894531
2024-11-01 14:30:00+00:00,117.80999755859375
2024-11-01 15:30:00+00:00,118.4800033569336
2024-11-01 16:30:00+00:00,118.81999969482422
2024-11-01 17:30:00+00:00,120.16999816894531
2024-11-01 18:30:00+00:00,119.62999725341797
2024-11-01 19:30:00+00:00,120.16999816894531
2024-11-04 14:30:00+00:00,119.30999755859375
2024-11-04 15:30:00+00:00,121.44999694824219
2024-11-04 16:30:00+00:00,121.70999908447266
2024-11-04 17:30:00+00:00,121.68000030517578
2024-11-04 18:30:00+00:00,121.62000274658203
2024-11-04 19:30:00+00:00,121.9800033569336
2024-11-04 20:30:00+00:00,121.77999877929688
2024-11-05 14:30:00+00:00,116.30000305175781
2024-11-05 15:30:00+00:00,113.41999816894531
2024-11-05 16:30:00+00:00,114.16999816894531
2024-11-05 17:30:00+00:00,114.37000274658203
2024-11-05 18:30:00+00:00,114.08000183105469
2024-11-05 19:30:00+00:00,115.08999633789062
2024-11-05 20:30:00+00:00,114.69999694824219
2024-11-06 14:30:00+00:00,98.48999786376953
2024-11-06 15:30:00+00:00,96.73999786376953
2024-11-06 16:30:00+00:00,97.23999786376953
2024-11-06 17:30:00+00:00,95.91000366210938
2024-11-06 18:30:00+00:00,96.16999816894531
2024-11-06 19:30:00+00:00,97.80000305175781
2024-11-06 20:30:00+00:00,95.7699966430664
2024-11-07 14:30:00+00:00,91.18000030517578
2024-11-07 15:30:00+00:00,89.11000061035156
2024-11-07 16:30:00+00:00,89.79000091552734
2024-11-07 17:30:00+00:00,89.70999908447266
2024-11-07 18:30:00+00:00,89.88999938964844
2024-11-07 19:30:00+00:00,88.87000274658203
2024-11-07 20:30:00+00:00,88.16999816894531
2024-11-08 14:30:00+00:00,87.98999786376953
2024-11-08 15:30:00+00:00,88.19999694824219
2024-11-08 16:30:00+00:00,88.86000061035156
2024-11-08 17:30:00+00:00,89.36000061035156
2024-11-08 18:30:00+00:00,89.41000366210938
2024-11-08 19:30:00+00:00,88.69999694824219
2024-11-08 20:30:00+00:00,87.51000213623047
2024-11-11 14:30:00+00:00,89.23999786376953
2024-11-11 15:30:00+00:00,89.05999755859375
2024-11-11 16:30:00+00:00,89.0199966430664
2024-11-11 17:30:00+00:00,89.16999816894531
2024-11-11 18:30:00+00:00,88.97000122070312
2024-11-11 19:30:00+00:00,89.87000274658203
2024-11-11 20:30:00+00:00,90.76000213623047
2024-11-12 14:30:00+00:00,89.62000274658203
2024-11-12 15:30:00+00:00,88.88999938964844
2024-11-12 16:30:00+00:00,89.7300033569336
2024-11-12 17:30:00+00:00,92.41999816894531
2024-11-12 18:30:00+00:00,90.0999984741211
2024-11-12 19:30:00+00:00,90.62000274658203
2024-11-12 20:30:00+00:00,89.7300033569336
2024-11-13 14:30:00+00:00,92.38999938964844
2024-11-13 15:30:00+00:00,91.37999725341797
2024-11-13 16:30:00+00:00,90.55999755859375
2024-11-13 17:30:00+00:00,90.44999694824219
2024-11-13 18:30:00+00:00,89.97000122070312
2024-11-13 19:30:00+00:00,91.62999725341797
2024-11-13 20:30:00+00:00,91.87999725341797
2024-11-14 14:30:00+00:00,92.23999786376953
2024-11-14 15:30:00+00:00,90.19999694824219
2024-11-14 16:30:00+00:00,91.20999908447266
2024-11-14 17:30:00+00:00,90.77999877929688
2024-11-14 18:30:00+00:00,90.06999969482422
2024-11-14 19:30:00+00:00,90.44999694824219
2024-11-14 20:30:00+00:00,89.81999969482422
2024-11-15 14:30:00+00:00,96.43000030517578
2024-11-15 15:30:00+00:00,98.66000366210938
2024-11-15 16:30:00+00:00,106.66000366210938
2024-11-15 17:30:00+00:00,108.38999938964844
2024-11-15 18:30:00+00:00,109.08000183105469
2024-11-15 19:30:00+00:00,102.01000213623047
2024-11-15 20:30:00+00:00,98.66999816894531
2024-11-18 14:30:00+00:00,94.91000366210938
2024-11-18 15:30:00+00:00,94.62999725341797
2024-11-18 16:30:00+00:00,94.36000061035156
2024-11-18 17:30:00+00:00,92.7699966430664
2024-11-18 18:30:00+00:00,93.72000122070312
2024-11-18 19:30:00+00:00,93.05999755859375
2024-11-18 20:30:00+00:00,93.58000183105469
2024-11-19 14:30:00+00:00,103.02999877929688
2024-11-19 15:30:00+00:00,97.94000244140625
2024-11-19 16:30:00+00:00,96.33999633789062
2024-11-19 17:30:00+00:00,95.98999786376953
2024-11-19 18:30:00+00:00,94.76000213623047
2024-11-19 19:30:00+00:00,96.69000244140625
2024-11-19 20:30:00+00:00,97.86000061035156
2024-11-20 14:30:00+00:00,108.13999938964844
2024-11-20 15:30:00+00:00,106.91999816894531
2024-11-20 16:30:00+00:00,105.93000030517578
2024-11-20 17:30:00+00:00,106.31999969482422
2024-11-20 18:30:00+00:00,107.05999755859375
2024-11-20 19:30:00+00:00,104.93000030517578
2024-11-20 20:30:00+00:00,104.0
2024-11-21 14:30:00+00:00,104.23999786376953
2024-11-21 15:30:00+00:00,102.0199966430664
2024-11-21 16:30:00+00:00,101.27999877929688
2024-11-21 17:30:00+00:00,101.05999755859375
2024-11-21 18:30:00+00:00,101.4000015258789
2024-11-21 19:30:00+00:00,101.0
2024-11-21 20:30:00+00:00,101.18000030517578
2024-11-22 14:30:00+00:00,99.94000244140625
2024-11-22 15:30:00+00:00,98.93000030517578
2024-11-22 16:30:00+00:00,97.72000122070312
2024-11-22 17:30:00+00:00,97.66000366210938
2024-11-22 18:30:00+00:00,97.45999908447266
2024-11-22 19:30:00+00:00,97.30000305175781
2024-11-22 20:30:00+00:00,95.27999877929688
2024-11-25 14:30:00+00:00,92.26000213623047
2024-11-25 15:30:00+00:00,91.26000213623047
2024-11-25 16:30:00+00:00,94.16000366210938
2024-11-25 17:30:00+00:00,93.01000213623047
2024-11-25 18:30:00+00:00,91.5
2024-11-25 19:30:00+00:00,90.69000244140625
2024-11-25 20:30:00+00:00,89.0199966430664
2024-11-26 14:30:00+00:00,87.61000061035156
2024-11-26 15:30:00+00:00,86.04000091552734
2024-11-26 16:30:00+00:00,85.62999725341797
2024-11-26 17:30:00+00:00,87.5
2024-11-26 18:30:00+00:00,88.12000274658203
2024-11-26 19:30:00+00:00,88.37999725341797
2024-11-26 20:30:00+00:00,87.62000274658203
2024-11-27 14:30:00+00:00,89.91000366210938
2024-11-27 15:30:00+00:00,90.0999984741211
2024-11-27 16:30:00+00:00,89.93000030517578
2024-11-27 17:30:00+00:00,90.12000274658203
2024-11-27 18:30:00+00:00,88.94999694824219
2024-11-27 19:30:00+00:00,89.18000030517578
2024-11-27 20:30:00+00:00,87.86000061035156
2024-11-29 14:30:00+00:00,87.01000213623047
2024-11-29 15:30:00+00:00,86.72000122070312
2024-11-29 16:30:00+00:00,86.88999938964844
2024-11-29 17:30:00+00:00,86.18000030517578
2024-12-02 14:30:00+00:00,88.94000244140625
2024-12-02 15:30:00+00:00,87.80000305175781
2024-12-02 16:30:00+00:00,88.1500015258789
2024-12-02 17:30:00+00:00,88.5
2024-12-02 18:30:00+00:00,88.41999816894531
2024-12-02 19:30:00+00:00,87.36000061035156
2024-12-02 20:30:00+00:00,86.8499984741211
2024-12-03 14:30:00+00:00,89.45999908447266
2024-12-03 15:30:00+00:00,87.37999725341797
2024-12-03 16:30:00+00:00,86.94000244140625
2024-12-03 17:30:00+00:00,86.62999725341797
2024-12-03 18:30:00+00:00,86.66999816894531
2024-12-03 19:30:00+00:00,86.41999816894531
2024-12-03 20:30:00+00:00,85.91000366210938
2024-12-04 14:30:00+00:00,85.86000061035156
2024-12-04 15:30:00+00:00,86.0999984741211
2024-12-04 16:30:00+00:00,85.83999633789062
2024-12-04 17:30:00+00:00,87.0999984741211
2024-12-04 18:30:00+00:00,86.44000244140625
2024-12-04 19:30:00+00:00,86.18000030517578
2024-12-04 20:30:00+00:00,86.72000122070312
2024-12-05 14:30:00+00:00,87.68000030517578
2024-12-05 15:30:00+00:00,87.55000305175781
2024-12-05 16:30:00+00:00,86.80000305175781
2024-12-05 17:30:00+00:00,86.7300033569336
2024-12-05 18:30:00+00:00,86.5199966430664
2024-12-05 19:30:00+00:00,87.04000091552734
2024-12-05 20:30:00+00:00,87.30000305175781
2024-12-06 14:30:00+00:00,85.87999725341797
2024-12-06 15:30:00+00:00,87.30999755859375
2024-12-06 16:30:00+00:00,86.56999969482422
2024-12-06 17:30:00+00:00,87.05000305175781
2024-12-06 18:30:00+00:00,88.87999725341797
2024-12-06 19:30:00+00:00,88.33999633789062
2024-12-06 20:30:00+00:00,86.98999786376953
2024-12-09 14:30:00+00:00,91.70999908447266
2024-12-09 15:30:00+00:00,93.37000274658203
2024-12-09 16:30:00+00:00,92.05000305175781
2024-12-09 17:30:00+00:00,91.62999725341797
2024-12-09 18:30:00+00:00,92.0999984741211
2024-12-09 19:30:00+00:00,93.58999633789062
2024-12-09 20:30:00+00:00,93.4000015258789
2024-12-10 14:30:00+00:00,93.05000305175781
2024-12-10 15:30:00+00:00,93.58000183105469
2024-12-10 16:30:00+00:00,93.62000274658203
2024-12-10 17:30:00+00:00,93.08999633789062
2024-12-10 18:30:00+00:00,93.2300033569336
2024-12-10 19:30:00+00:00,95.33000183105469
2024-12-10 20:30:00+00:00,94.69999694824219
2024-12-11 14:30:00+00:00,97.4800033569336
2024-12-11 15:30:00+00:00,97.27999877929688
2024-12-11 16:30:00+00:00,97.16999816894531
2024-12-11 17:30:00+00:00,97.54000091552734
2024-12-11 18:30:00+00:00,97.61000061035156
2024-12-11 19:30:00+00:00,99.0
2024-12-11 20:30:00+00:00,98.0
2024-12-12 14:30:00+00:00,97.83999633789062
2024-12-12 15:30:00+00:00,97.25
2024-12-12 16:30:00+00:00,98.77999877929688
2024-12-12 17:30:00+00:00,98.62000274658203
2024-12-12 18:30:00+00:00,100.73999786376953
2024-12-12 19:30:00+00:00,99.9000015258789
2024-12-12 20:30:00+00:00,99.38999938964844
2024-12-13 14:30:00+00:00,97.52999877929688
2024-12-13 15:30:00+00:00,100.36000061035156
2024-12-13 16:30:00+00:00,100.98999786376953
2024-12-13 17:30:00+00:00,98.5
2024-12-13 18:30:00+00:00,96.95999908447266
2024-12-13 19:30:00+00:00,97.08999633789062
2024-12-13 20:30:00+00:00,96.51000213623047
2024-12-16 14:30:00+00:00,97.45999908447266
2024-12-16 15:30:00+00:00,97.47000122070312
2024-12-16 16:30:00+00:00,96.5199966430664
2024-12-16 17:30:00+00:00,96.16000366210938
2024-12-16 18:30:00+00:00,96.33999633789062
2024-12-16 19:30:00+00:00,96.94999694824219
2024-12-16 20:30:00+00:00,98.44999694824219
2024-12-17 14:30:00+00:00,100.02999877929688
2024-12-17 15:30:00+00:00,98.79000091552734
2024-12-17 16:30:00+00:00,97.56999969482422
2024-12-17 17:30:00+00:00,96.36000061035156
2024-12-17 18:30:00+00:00,97.68000030517578
2024-12-17 19:30:00+00:00,99.11000061035156
2024-12-17 20:30:00+00:00,100.63999938964844
2024-12-18 14:30:00+00:00,99.38999938964844
2024-12-18 15:30:00+00:00,98.19000244140625
2024-12-18 16:30:00+00:00,98.19999694824219
2024-12-18 17:30:00+00:00,98.41000366210938
2024-12-18 18:30:00+00:00,102.7300033569336
2024-12-18 19:30:00+00:00,118.51000213623047
2024-12-18 20:30:00+00:00,124.44999694824219
2024-12-19 14:30:00+00:00,119.69000244140625
2024-12-19 15:30:00+00:00,123.4000015258789
2024-12-19 16:30:00+00:00,127.9000015258789
2024-12-19 17:30:00+00:00,128.85000610351562
2024-12-19 18:30:00+00:00,125.70999908447266
2024-12-19 19:30:00+00:00,129.99000549316406
2024-12-19 20:30:00+00:00,134.6999969482422
2024-12-20 14:30:00+00:00,121.58999633789062
2024-12-20 15:30:00+00:00,120.91000366210938
2024-12-20 16:30:00+00:00,112.22000122070312
2024-12-20 17:30:00+00:00,115.91999816894531
2024-12-20 18:30:00+00:00,112.87999725341797
2024-12-20 19:30:00+00:00,113.23999786376953
2024-12-20 20:30:00+00:00,114.19999694824219
2024-12-23 14:30:00+00:00,116.05999755859375
2024-12-23 15:30:00+00:00,112.88999938964844
2024-12-23 16:30:00+00:00,109.94000244140625
2024-12-23 17:30:00+00:00,108.62999725341797
2024-12-23 18:30:00+00:00,105.95999908447266
2024-12-23 19:30:00+00:00,106.02999877929688
2024-12-23 20:30:00+00:00,103.6500015258789
2024-12-24 14:30:00+00:00,97.27999877929688
2024-12-24 15:30:00+00:00,95.83000183105469
2024-12-24 16:30:00+00:00,93.54000091552734
2024-12-24 17:30:00+00:00,90.94000244140625
2024-12-26 14:30:00+00:00,98.12000274658203
2024-12-26 15:30:00+00:00,95.87999725341797
2024-12-26 16:30:00+00:00,95.30000305175781
2024-12-26 17:30:00+00:00,95.66999816894531
2024-12-26 18:30:00+00:00,95.54000091552734
2024-12-26 19:30:00+00:00,95.12000274658203
2024-12-26 20:30:00+00:00,92.58999633789062
2024-12-27 14:30:00+00:00,113.55000305175781
2024-12-27 15:30:00+00:00,105.19999694824219
2024-12-27 16:30:00+00:00,107.83000183105469
2024-12-27 17:30:00+00:00,106.30000305175781
2024-12-27 18:30:00+00:00,102.5199966430664
2024-12-27 19:30:00+00:00,99.0999984741211
2024-12-27 20:30:00+00:00,98.79000091552734
2024-12-30 14:30:00+00:00,111.70999908447266
2024-12-30 15:30:00+00:00,103.27999877929688
2024-12-30 16:30:00+00:00,98.94999694824219
2024-12-30 17:30:00+00:00,98.47000122070312
2024-12-30 18:30:00+00:00,97.9000015258789
2024-12-30 19:30:00+00:00,100.12999725341797
2024-12-30 20:30:00+00:00,103.52999877929688
2024-12-31 14:30:00+00:00,98.45999908447266
2024-12-31 15:30:00+00:00,102.29000091552734
2024-12-31 16:30:00+00:00,103.22000122070312
2024-12-31 17:30:00+00:00,105.2699966430664
2024-12-31 18:30:00+00:00,105.0199966430664
2024-12-31 19:30:00+00:00,103.5199966430664
2024-12-31 20:30:00+00:00,106.2300033569336
2025-01-02 14:30:00+00:00,104.4800033569336
2025-01-02 15:30:00+00:00,104.4800033569336
2025-01-02 16:30:00+00:00,106.08000183105469
2025-01-02 17:30:00+00:00,110.31999969482422
2025-01-02 18:30:00+00:00,109.62000274658203
2025-01-02 19:30:00+00:00,107.48999786376953
2025-01-02 20:30:00+00:00,107.91999816894531
2025-01-03 14:30:00+00:00,102.44999694824219
2025-01-03 15:30:00+00:00,101.47000122070312
2025-01-03 16:30:00+00:00,101.63999938964844
2025-01-03 17:30:00+00:00,97.22000122070312
2025-01-03 18:30:00+00:00,97.01000213623047
2025-01-03 19:30:00+00:00,95.26000213623047
2025-01-03 20:30:00+00:00,93.81999969482422
2025-01-06 14:30:00+00:00,93.93000030517578
2025-01-06 15:30:00+00:00,93.69000244140625
2025-01-06 16:30:00+00:00,93.5199966430664
2025-01-06 17:30:00+00:00,94.70999908447266
2025-01-06 18:30:00+00:00,97.06999969482422
2025-01-06 19:30:00+00:00,97.58999633789062
2025-01-06 20:30:00+00:00,96.2300033569336
2025-01-07 14:30:00+00:00,102.08000183105469
2025-01-07 15:30:00+00:00,101.72000122070312
2025-01-07 16:30:00+00:00,103.54000091552734
2025-01-07 17:30:00+00:00,101.77999877929688
2025-01-07 18:30:00+00:00,101.0
2025-01-07 19:30:00+00:00,107.29000091552734
2025-01-07 20:30:00+00:00,108.05999755859375
2025-01-08 14:30:00+00:00,114.52999877929688
2025-01-08 15:30:00+00:00,111.1500015258789
2025-01-08 16:30:00+00:00,112.7699966430664
2025-01-08 17:30:00+00:00,107.75
2025-01-08 18:30:00+00:00,105.0
2025-01-08 19:30:00+00:00,103.55999755859375
2025-01-08 20:30:00+00:00,103.5199966430664
2025-01-10 14:30:00+00:00,113.01000213623047
2025-01-10 15:30:00+00:00,114.26000213623047
2025-01-10 16:30:00+00:00,113.98999786376953
2025-01-10 17:30:00+00:00,108.73999786376953
2025-01-10 18:30:00+00:00,109.12000274658203
2025-01-10 19:30:00+00:00,114.69999694824219
2025-01-10 20:30:00+00:00,115.26000213623047
2025-01-13 14:30:00+00:00,121.36000061035156
2025-01-13 15:30:00+00:00,118.12999725341797
2025-01-13 16:30:00+00:00,116.83000183105469
2025-01-13 17:30:00+00:00,113.30000305175781
2025-01-13 18:30:00+00:00,111.80000305175781
2025-01-13 19:30:00+00:00,111.81999969482422
2025-01-13 20:30:00+00:00,111.27999877929688
2025-01-14 14:30:00+00:00,106.3499984741211
2025-01-14 15:30:00+00:00,108.12000274658203
2025-01-14 16:30:00+00:00,111.12999725341797
2025-01-14 17:30:00+00:00,108.98999786376953
2025-01-14 18:30:00+00:00,107.19000244140625
2025-01-14 19:30:00+00:00,110.45999908447266
2025-01-14 20:30:00+00:00,109.23999786376953
2025-01-15 14:30:00+00:00,101.11000061035156
2025-01-15 15:30:00+00:00,103.0999984741211
2025-01-15 16:30:00+00:00,102.63999938964844
2025-01-15 17:30:00+00:00,101.31999969482422
2025-01-15 18:30:00+00:00,100.41999816894531
2025-01-15 19:30:00+00:00,99.11000061035156
2025-01-15 20:30:00+00:00,97.66000366210938
2025-01-16 14:30:00+00:00,97.55000305175781
2025-01-16 15:30:00+00:00,96.75
2025-01-16 16:30:00+00:00,97.22000122070312
2025-01-16 17:30:00+00:00,98.41000366210938
2025-01-16 18:30:00+00:00,99.23999786376953
2025-01-16 19:30:00+00:00,97.93000030517578
2025-01-16 20:30:00+00:00,98.05000305175781
2025-01-17 14:30:00+00:00,98.26000213623047
2025-01-17 15:30:00+00:00,98.69000244140625
2025-01-17 16:30:00+00:00,99.16999816894531
2025-01-17 17:30:00+00:00,99.7699966430664
2025-01-17 18:30:00+00:00,100.19999694824219
2025-01-17 19:30:00+00:00,100.63999938964844
2025-01-17 20:30:00+00:00,101.11000061035156
2025-01-21 14:30:00+00:00,98.5
2025-01-21 15:30:00+00:00,99.33999633789062
2025-01-21 16:30:00+00:00,99.29000091552734
2025-01-21 17:30:00+00:00,98.45999908447266
2025-01-21 18:30:00+00:00,99.02999877929688
2025-01-21 19:30:00+00:00,98.1500015258789
2025-01-21 20:30:00+00:00,98.08000183105469
2025-01-22 14:30:00+00:00,98.47000122070312
2025-01-22 15:30:00+00:00,100.2699966430664
2025-01-22 16:30:00+00:00,99.16999816894531
2025-01-22 17:30:00+00:00,99.61000061035156
2025-01-22 18:30:00+00:00,100.27999877929688
2025-01-22 19:30:00+00:00,100.70999908447266
2025-01-22 20:30:00+00:00,100.20999908447266
2025-01-23 14:30:00+00:00,99.37999725341797
2025-01-23 15:30:00+00:00,99.25
2025-01-23 16:30:00+00:00,99.20999908447266
2025-01-23 17:30:00+00:00,99.2300033569336
2025-01-23 18:30:00+00:00,99.72000122070312
2025-01-23 19:30:00+00:00,99.37000274658203
2025-01-23 20:30:00+00:00,99.1500015258789
2025-01-24 14:30:00+00:00,98.47000122070312
2025-01-24 15:30:00+00:00,98.72000122070312
2025-01-24 16:30:00+00:00,98.45999908447266
2025-01-24 17:30:00+00:00,99.63999938964844
2025-01-24 18:30:00+00:00,100.61000061035156
2025-01-24 19:30:00+00:00,100.51000213623047
2025-01-24 20:30:00+00:00,100.12999725341797
2025-01-27 14:30:00+00:00,113.80000305175781
2025-01-27 15:30:00+00:00,114.41999816894531
2025-01-27 16:30:00+00:00,112.98999786376953
2025-01-27 17:30:00+00:00,115.38999938964844
2025-01-27 18:30:00+00:00,109.02999877929688
2025-01-27 19:30:00+00:00,112.47000122070312
2025-01-27 20:30:00+00:00,110.68000030517578
2025-01-28 14:30:00+00:00,105.16000366210938
2025-01-28 15:30:00+00:00,106.3499984741211
2025-01-28 16:30:00+00:00,104.7699966430664
2025-01-28 17:30:00+00:00,102.88999938964844
2025-01-28 18:30:00+00:00,103.86000061035156
2025-01-28 19:30:00+00:00,102.68000030517578
2025-01-28 20:30:00+00:00,102.41999816894531
2025-01-29 14:30:00+00:00,102.20999908447266
2025-01-29 15:30:00+00:00,104.11000061035156
2025-01-29 16:30:00+00:00,103.72000122070312
2025-01-29 17:30:00+00:00,104.30000305175781
2025-01-29 18:30:00+00:00,105.75
2025-01-29 19:30:00+00:00,100.44000244140625
2025-01-29 20:30:00+00:00,100.72000122070312
2025-01-30 14:30:00+00:00,98.95999908447266
2025-01-30 15:30:00+00:00,98.36000061035156
2025-01-30 16:30:00+00:00,98.7300033569336
2025-01-30 17:30:00+00:00,98.2699966430664
2025-01-30 18:30:00+00:00,97.18000030517578
2025-01-30 19:30:00+00:00,96.91000366210938
2025-01-30 20:30:00+00:00,97.7300033569336
2025-01-31 14:30:00+00:00,96.93000030517578
2025-01-31 15:30:00+00:00,96.77999877929688
2025-01-31 16:30:00+00:00,96.83000183105469
2025-01-31 17:30:00+00:00,98.0199966430664
2025-01-31 18:30:00+00:00,101.44000244140625
2025-01-31 19:30:00+00:00,103.93000030517578
2025-01-31 20:30:00+00:00,101.93000030517578
2025-02-03 14:30:00+00:00,107.06999969482422
2025-02-03 15:30:00+00:00,104.1500015258789
2025-02-03 16:30:00+00:00,105.95999908447266
2025-02-03 17:30:00+00:00,106.73999786376953
2025-02-03 18:30:00+00:00,104.29000091552734
2025-02-03 19:30:00+00:00,108.0999984741211
2025-02-03 20:30:00+00:00,108.69000244140625
2025-02-04 14:30:00+00:00,104.44999694824219
2025-02-04 15:30:00+00:00,101.69999694824219
2025-02-04 16:30:00+00:00,103.0999984741211
2025-02-04 17:30:00+00:00,100.5999984741211
2025-02-04 18:30:00+00:00,99.76000213623047
2025-02-04 19:30:00+00:00,99.7300033569336
2025-02-04 20:30:00+00:00,99.68000030517578
2025-02-05 14:30:00+00:00,100.19000244140625
2025-02-05 15:30:00+00:00,99.23999786376953
2025-02-05 16:30:00+00:00,97.58000183105469
2025-02-05 17:30:00+00:00,97.80000305175781
2025-02-05 18:30:00+00:00,97.0199966430664
2025-02-05 19:30:00+00:00,97.30000305175781
2025-02-05 20:30:00+00:00,97.37000274658203
2025-02-06 14:30:00+00:00,96.94000244140625
2025-02-06 15:30:00+00:00,96.54000091552734
2025-02-06 16:30:00+00:00,97.37999725341797
2025-02-06 17:30:00+00:00,97.05000305175781
2025-02-06 18:30:00+00:00,97.41999816894531
2025-02-06 19:30:00+00:00,97.38999938964844
2025-02-06 20:30:00+00:00,96.29000091552734
2025-02-07 14:30:00+00:00,97.47000122070312
2025-02-07 15:30:00+00:00,100.2699966430664
2025-02-07 16:30:00+00:00,99.18000030517578
2025-02-07 17:30:00+00:00,99.4000015258789
2025-02-07 18:30:00+00:00,101.0999984741211
2025-02-07 19:30:00+00:00,100.88999938964844
2025-02-07 20:30:00+00:00,102.06999969482422
2025-02-10 14:30:00+00:00,100.05999755859375
2025-02-10 15:30:00+00:00,100.97000122070312
2025-02-10 16:30:00+00:00,101.08000183105469
2025-02-10 17:30:00+00:00,100.13999938964844
2025-02-10 18:30:00+00:00,100.05999755859375
2025-02-10 19:30:00+00:00,99.9800033569336
2025-02-10 20:30:00+00:00,99.13999938964844
2025-02-11 14:30:00+00:00,99.36000061035156
2025-02-11 15:30:00+00:00,98.38999938964844
2025-02-11 16:30:00+00:00,100.22000122070312
2025-02-11 17:30:00+00:00,100.27999877929688
2025-02-11 18:30:00+00:00,99.80999755859375
2025-02-11 19:30:00+00:00,99.51000213623047
2025-02-11 20:30:00+00:00,99.91999816894531
2025-02-12 14:30:00+00:00,102.66000366210938
2025-02-12 15:30:00+00:00,103.05999755859375
2025-02-12 16:30:00+00:00,100.66000366210938
2025-02-12 17:30:00+00:00,100.12999725341797
2025-02-12 18:30:00+00:00,100.23999786376953
2025-02-12 19:30:00+00:00,99.83000183105469
2025-02-12 20:30:00+00:00,99.56999969482422
2025-02-13 14:30:00+00:00,98.30999755859375
2025-02-13 15:30:00+00:00,97.36000061035156
2025-02-13 16:30:00+00:00,98.41000366210938
2025-02-13 17:30:00+00:00,98.1500015258789
2025-02-13 18:30:00+00:00,95.77999877929688
2025-02-13 19:30:00+00:00,95.45999908447266
2025-02-13 20:30:00+00:00,95.45999908447266
2025-02-14 14:30:00+00:00,95.58000183105469
2025-02-14 15:30:00+00:00,96.01000213623047
2025-02-14 16:30:00+00:00,98.26000213623047
2025-02-14 17:30:00+00:00,98.18000030517578
2025-02-14 18:30:00+00:00,97.94999694824219
2025-02-14 19:30:00+00:00,98.44000244140625
2025-02-14 20:30:00+00:00,96.80000305175781
2025-02-18 14:30:00+00:00,99.26000213623047
2025-02-18 15:30:00+00:00,98.54000091552734
2025-02-18 16:30:00+00:00,98.73999786376953
2025-02-18 17:30:00+00:00,97.87999725341797
2025-02-18 18:30:00+00:00,99.05000305175781
2025-02-18 19:30:00+00:00,98.37999725341797
2025-02-18 20:30:00+00:00,98.55999755859375
2025-02-19 14:30:00+00:00,99.86000061035156
2025-02-19 15:30:00+00:00,97.80999755859375
2025-02-19 16:30:00+00:00,97.77999877929688
2025-02-19 17:30:00+00:00,97.0199966430664
2025-02-19 18:30:00+00:00,96.97000122070312
2025-02-19 19:30:00+00:00,95.94000244140625
2025-02-19 20:30:00+00:00,95.25
2025-02-20 14:30:00+00:00,97.37000274658203
2025-02-20 15:30:00+00:00,96.83999633789062
2025-02-20 16:30:00+00:00,96.23999786376953
2025-02-20 17:30:00+00:00,96.13999938964844
2025-02-20 18:30:00+00:00,95.2300033569336
2025-02-20 19:30:00+00:00,95.55999755859375
2025-02-20 20:30:00+00:00,95.23999786376953
2025-02-21 14:30:00+00:00,98.01000213623047
2025-02-21 15:30:00+00:00,96.93000030517578
2025-02-21 16:30:00+00:00,97.18000030517578
2025-02-21 17:30:00+00:00,104.2300033569336
2025-02-21 18:30:00+00:00,106.02999877929688
2025-02-21 19:30:00+00:00,106.05000305175781
2025-02-21 20:30:00+00:00,106.45999908447266
2025-02-24 14:30:00+00:00,110.27999877929688
2025-02-24 15:30:00+00:00,105.26000213623047
2025-02-24 16:30:00+00:00,103.33000183105469
2025-02-24 17:30:00+00:00,101.55999755859375
2025-02-24 18:30:00+00:00,102.2300033569336
2025-02-24 19:30:00+00:00,104.86000061035156
2025-02-24 20:30:00+00:00,108.41999816894531
2025-02-25 14:30:00+00:00,114.22000122070312
2025-02-25 15:30:00+00:00,112.05999755859375
2025-02-25 16:30:00+00:00,106.83000183105469
2025-02-25 17:30:00+00:00,107.63999938964844
2025-02-25 18:30:00+00:00,108.02999877929688
2025-02-25 19:30:00+00:00,104.75
2025-02-25 20:30:00+00:00,109.2699966430664
2025-02-26 14:30:00+00:00,106.54000091552734
2025-02-26 15:30:00+00:00,104.05999755859375
2025-02-26 16:30:00+00:00,103.76000213623047
2025-02-26 17:30:00+00:00,108.95999908447266
2025-02-26 18:30:00+00:00,108.97000122070312
2025-02-26 19:30:00+00:00,108.66000366210938
2025-02-26 20:30:00+00:00,106.5
2025-02-27 14:30:00+00:00,107.16999816894531
2025-02-27 15:30:00+00:00,107.0199966430664
2025-02-27 16:30:00+00:00,106.8499984741211
2025-02-27 17:30:00+00:00,105.22000122070312
2025-02-27 18:30:00+00:00,108.43000030517578
2025-02-27 19:30:00+00:00,114.9000015258789
2025-02-27 20:30:00+00:00,115.0999984741211
2025-02-28 14:30:00+00:00,109.62000274658203
2025-02-28 15:30:00+00:00,111.93000030517578
2025-02-28 16:30:00+00:00,110.80999755859375
2025-02-28 17:30:00+00:00,114.69000244140625
2025-02-28 18:30:00+00:00,116.30000305175781
2025-02-28 19:30:00+00:00,110.58999633789062
2025-02-28 20:30:00+00:00,108.6500015258789
