Date,YMAX,YMAX Dividends
2024-02-09 20:00:00,20.77,0.0
2024-02-12 14:30:00,20.92,0.0
2024-02-12 15:00:00,20.95,0.0
2024-02-13 16:00:00,20.685,0.0
2024-02-13 19:00:00,20.55,0.0
2024-02-13 19:30:00,20.51,0.0
2024-02-13 20:00:00,20.45,0.0
2024-02-13 20:30:00,20.52,0.0
2024-02-14 14:30:00,20.83,0.0
2024-02-14 15:00:00,20.86,0.0
2024-02-14 15:30:00,20.8,0.0
2024-02-14 16:00:00,20.76,0.0
2024-02-14 16:30:00,20.82,0.0
2024-02-14 17:00:00,20.76,0.0
2024-02-14 18:30:00,20.9,0.0
2024-02-14 19:30:00,20.92,0.0
2024-02-15 14:30:00,20.57,0.53
2024-02-15 15:00:00,20.59,0.0
2024-02-15 15:30:00,20.57,0.0
2024-02-15 16:00:00,20.55,0.0
2024-02-16 14:30:00,20.6,0.0
2024-02-16 19:00:00,20.66,0.0
2024-02-16 20:30:00,20.56,0.0
2024-02-20 14:30:00,20.21,0.0
2024-02-20 15:00:00,20.15,0.0
2024-02-20 15:30:00,20.18,0.0
2024-02-20 16:00:00,20.2,0.0
2024-02-20 17:00:00,20.08,0.0
2024-02-20 18:00:00,20.08,0.0
2024-02-20 20:30:00,20.11,0.0
2024-02-21 15:30:00,20.08,0.0
2024-02-21 17:00:00,20.01,0.0
2024-02-21 17:30:00,20.01,0.0
2024-02-21 19:00:00,19.98,0.0
2024-02-21 19:30:00,19.97,0.0
2024-02-21 20:00:00,19.94,0.0
2024-02-21 20:30:00,20.02,0.0
2024-02-22 14:30:00,20.59,0.0
2024-02-22 15:30:00,20.62,0.0
2024-02-22 18:00:00,20.75,0.0
2024-02-22 20:00:00,20.785,0.0
2024-02-23 16:00:00,20.82,0.0
2024-02-26 15:00:00,20.89,0.0
2024-02-26 15:30:00,20.95,0.0
2024-02-26 16:00:00,20.9,0.0
2024-02-26 17:00:00,20.96,0.0
2024-02-26 20:30:00,20.94,0.0
2024-02-27 15:00:00,21.1,0.0
2024-02-27 17:00:00,21.16,0.0
2024-02-27 20:30:00,21.19,0.0
2024-02-28 15:00:00,21.21,0.0
2024-02-28 17:00:00,21.27,0.0
2024-02-28 18:00:00,21.22,0.0
2024-02-28 19:00:00,21.23,0.0
2024-02-28 20:30:00,21.18,0.0
2024-02-29 14:30:00,21.52,0.0
2024-02-29 15:00:00,21.505,0.0
2024-02-29 15:30:00,21.52,0.0
2024-02-29 16:00:00,21.5,0.0
2024-02-29 16:30:00,21.45,0.0
2024-02-29 17:30:00,21.39,0.0
2024-02-29 20:00:00,21.48,0.0
2024-02-29 20:30:00,21.53,0.0
2024-03-01 14:30:00,21.47,0.0
2024-03-01 15:00:00,21.49,0.0
2024-03-01 16:00:00,21.54,0.0
2024-03-01 17:00:00,21.57,0.0
2024-03-01 19:00:00,21.62,0.0
2024-03-01 20:30:00,21.5875,0.0
2024-03-04 14:30:00,21.6,0.0
2024-03-04 15:00:00,21.59,0.0
2024-03-04 16:00:00,21.6,0.0
2024-03-04 16:30:00,21.57,0.0
2024-03-04 17:00:00,21.56,0.0
2024-03-04 17:30:00,21.57,0.0
2024-03-04 19:30:00,21.61,0.0
2024-03-04 20:30:00,21.59,0.0
2024-03-05 14:30:00,21.35,0.0
2024-03-05 15:30:00,21.17,0.0
2024-03-05 19:00:00,21.14,0.0
2024-03-05 20:30:00,21.13,0.0
2024-03-06 15:30:00,21.36,0.0
2024-03-06 16:30:00,21.41,0.0
2024-03-06 17:00:00,21.47,0.0
2024-03-06 17:30:00,21.49,0.0
2024-03-06 18:00:00,21.49,0.0
2024-03-06 18:30:00,21.42,0.0
2024-03-06 19:00:00,21.39,0.0
2024-03-06 20:00:00,21.41,0.0
2024-03-06 20:30:00,21.39,0.0
2024-03-07 14:30:00,21.45,0.0
2024-03-07 15:00:00,21.46,0.0
2024-03-07 16:00:00,21.53,0.0
2024-03-07 20:00:00,21.58,0.0
2024-03-07 20:30:00,21.59,0.0
2024-03-08 14:30:00,21.88,0.0
2024-03-08 15:00:00,21.92,0.0
2024-03-08 15:30:00,21.83,0.0
2024-03-08 16:00:00,21.75,0.0
2024-03-08 17:00:00,21.62,0.0
2024-03-08 19:30:00,21.65,0.0
2024-03-08 20:00:00,21.62,0.0
2024-03-08 20:30:00,21.61,0.0
2024-03-11 13:30:00,21.65,0.0
2024-03-11 14:00:00,21.6,0.0
2024-03-11 14:30:00,21.69,0.0
2024-03-11 15:00:00,21.73,0.0
2024-03-11 15:30:00,21.69,0.0
2024-03-11 16:00:00,21.71,0.0
2024-03-11 18:30:00,21.69,0.0
2024-03-11 19:00:00,21.6,0.0
2024-03-11 19:30:00,21.6,0.0
2024-03-12 13:30:00,21.58,0.0
2024-03-12 14:00:00,21.65,0.0
2024-03-12 15:30:00,21.8,0.0
2024-03-12 16:00:00,21.78,0.0
2024-03-12 18:00:00,21.81,0.0
2024-03-12 18:30:00,21.83,0.0
2024-03-12 19:00:00,21.84,0.0
2024-03-12 19:30:00,21.855,0.0
2024-03-13 13:30:00,21.79,0.0
2024-03-13 14:30:00,21.83,0.0
2024-03-13 15:30:00,21.84,0.0
2024-03-13 16:00:00,21.87,0.0
2024-03-13 16:30:00,21.88,0.0
2024-03-13 17:00:00,21.88,0.0
2024-03-13 17:30:00,21.85,0.0
2024-03-13 19:00:00,21.79,0.0
2024-03-13 19:30:00,21.76,0.0
2024-03-14 13:30:00,20.98,0.0
2024-03-14 14:00:00,20.94,0.0
2024-03-14 14:30:00,21.04,0.57
2024-03-14 15:00:00,20.93,0.0
2024-03-14 15:30:00,20.91,0.0
2024-03-14 16:00:00,20.89,0.0
2024-03-14 19:00:00,20.75,0.0
2024-03-14 19:30:00,20.89,0.0
2024-03-15 14:00:00,20.88,0.0
2024-03-15 14:30:00,20.95,0.0
2024-03-15 15:30:00,20.94,0.0
2024-03-15 16:30:00,20.86,0.0
2024-03-15 18:00:00,20.88,0.0
2024-03-15 19:30:00,20.88,0.0
2024-03-18 13:30:00,21.01,0.0
2024-03-18 14:00:00,21.12,0.0
2024-03-18 15:00:00,21.12,0.0
2024-03-18 16:30:00,21.13,0.0
2024-03-18 17:00:00,21.06,0.0
2024-03-18 19:30:00,21.15,0.0
2024-03-19 13:30:00,20.81,0.0
2024-03-19 15:00:00,20.86,0.0
2024-03-19 15:30:00,20.935,0.0
2024-03-19 16:00:00,21.03,0.0
2024-03-19 17:00:00,21.07,0.0
2024-03-19 19:30:00,21.05,0.0
2024-03-20 13:30:00,21.01,0.0
2024-03-20 15:00:00,21.1,0.0
2024-03-20 18:00:00,21.07,0.0
2024-03-20 18:30:00,21.23,0.0
2024-03-20 19:00:00,21.27,0.0
2024-03-20 19:30:00,21.31,0.0
2024-03-21 13:30:00,21.45,0.0
2024-03-21 19:30:00,21.44,0.0
2024-03-22 14:00:00,21.39,0.0
2024-03-22 14:30:00,21.32,0.0
2024-03-22 17:30:00,21.49,0.0
2024-03-22 19:30:00,21.43,0.0
2024-03-25 14:00:00,21.58,0.0
2024-03-25 14:30:00,21.57,0.0
2024-03-25 19:30:00,21.6,0.0
2024-03-26 14:30:00,21.68,0.0
2024-03-26 18:00:00,21.71,0.0
2024-03-26 19:30:00,21.56,0.0
2024-03-27 14:00:00,21.53,0.0
2024-03-27 18:30:00,21.55,0.0
2024-03-27 19:30:00,21.58,0.0
2024-03-28 13:30:00,21.56,0.0
2024-03-28 19:30:00,21.61,0.0
2024-04-01 14:00:00,21.65,0.0
2024-04-01 19:30:00,21.57,0.0
2024-04-02 13:30:00,21.1,0.0
2024-04-02 14:30:00,21.26,0.0
2024-04-02 16:30:00,21.33,0.0
2024-04-02 19:30:00,21.36,0.0
2024-04-03 13:30:00,21.41,0.0
2024-04-03 19:30:00,21.42,0.0
2024-04-04 13:30:00,21.53,0.0
2024-04-04 14:00:00,21.53,0.0
2024-04-04 16:30:00,21.63,0.0
2024-04-04 17:00:00,21.6,0.0
2024-04-04 18:00:00,21.475,0.0
2024-04-04 18:30:00,21.3,0.0
2024-04-04 19:00:00,21.25,0.0
2024-04-04 19:30:00,21.17,0.0
2024-04-05 14:00:00,21.29,0.0
2024-04-05 14:30:00,21.3,0.0
2024-04-05 15:30:00,21.29,0.0
2024-04-05 16:30:00,21.36,0.0
2024-04-05 17:00:00,21.37,0.0
2024-04-05 17:30:00,21.32,0.0
2024-04-05 19:00:00,21.31,0.0
2024-04-05 19:30:00,21.33,0.0
2024-04-08 14:00:00,21.43,0.0
2024-04-08 15:00:00,21.54,0.0
2024-04-08 15:30:00,21.46,0.0
2024-04-08 16:00:00,21.45,0.0
2024-04-08 17:30:00,21.47,0.0
2024-04-08 18:30:00,21.5,0.0
2024-04-08 19:00:00,21.49,0.0
2024-04-08 19:30:00,21.49,0.0
2024-04-09 13:30:00,21.53,0.0
2024-04-09 14:00:00,21.55,0.0
2024-04-09 14:30:00,21.39,0.0
2024-04-09 15:00:00,21.38,0.0
2024-04-09 16:00:00,21.48,0.0
2024-04-09 18:00:00,21.47,0.0
2024-04-09 18:30:00,21.45,0.0
2024-04-09 19:00:00,21.46,0.0
2024-04-09 19:30:00,21.48,0.0
2024-04-10 13:30:00,21.34,0.0
2024-04-10 14:00:00,21.42,0.0
2024-04-10 14:30:00,21.37,0.0
2024-04-10 15:00:00,21.375,0.0
2024-04-10 16:30:00,21.37,0.0
2024-04-10 17:00:00,21.35,0.0
2024-04-10 17:30:00,21.34,0.0
2024-04-10 18:00:00,21.37,0.0
2024-04-10 19:30:00,21.43,0.0
2024-04-11 14:00:00,21.37,0.0
2024-04-11 14:30:00,21.41,0.0
2024-04-11 16:30:00,21.5,0.0
2024-04-11 18:00:00,21.68,0.0
2024-04-11 18:30:00,21.67,0.0
2024-04-11 19:00:00,21.67,0.0
2024-04-11 19:30:00,21.68,0.0
2024-04-12 13:30:00,21.5,0.0
2024-04-12 14:00:00,21.5,0.0
2024-04-12 14:30:00,21.43,0.0
2024-04-12 15:00:00,21.42,0.0
2024-04-12 15:30:00,21.46,0.0
2024-04-12 16:00:00,21.39,0.0
2024-04-12 16:30:00,21.4,0.0
2024-04-12 17:00:00,21.28,0.0
2024-04-12 18:00:00,21.3,0.0
2024-04-12 18:30:00,21.25,0.0
2024-04-12 19:00:00,21.23,0.0
2024-04-12 19:30:00,21.28,0.0
2024-04-15 13:30:00,21.35,0.0
2024-04-15 14:00:00,21.26,0.0
2024-04-15 14:30:00,21.24,0.0
2024-04-15 16:00:00,21.23,0.0
2024-04-15 17:00:00,21.02,0.0
2024-04-15 17:30:00,20.88,0.0
2024-04-15 19:00:00,20.8,0.0
2024-04-15 19:30:00,20.81,0.0
2024-04-16 13:30:00,20.725,0.0
2024-04-16 14:00:00,20.745,0.0
2024-04-16 14:30:00,20.71,0.0
2024-04-16 16:00:00,20.73,0.0
2024-04-16 16:30:00,20.75,0.0
2024-04-16 18:30:00,20.72,0.0
2024-04-16 19:30:00,20.74,0.0
2024-04-17 13:30:00,20.17,0.0
2024-04-17 14:00:00,20.0,0.0
2024-04-17 14:30:00,19.98,0.63
2024-04-17 15:00:00,19.99,0.0
2024-04-17 15:30:00,19.94,0.0
2024-04-17 16:00:00,19.9,0.0
2024-04-17 16:30:00,19.84,0.0
2024-04-17 17:00:00,19.9,0.0
2024-04-17 18:00:00,19.99,0.0
2024-04-17 19:00:00,19.92,0.0
2024-04-17 19:30:00,19.91,0.0
2024-04-18 13:30:00,19.82,0.0
2024-04-18 14:00:00,19.93,0.0
2024-04-18 14:30:00,19.97,0.0
2024-04-18 15:00:00,20.1,0.0
2024-04-18 15:30:00,20.01,0.0
2024-04-18 17:00:00,19.89,0.0
2024-04-18 17:30:00,19.86,0.0
2024-04-18 18:00:00,19.86,0.0
2024-04-18 18:30:00,19.85,0.0
2024-04-18 19:30:00,19.85,0.0
2024-04-19 13:30:00,19.78,0.0
2024-04-19 14:00:00,19.69,0.0
2024-04-19 15:00:00,19.68,0.0
2024-04-19 15:30:00,19.62,0.0
2024-04-19 16:00:00,19.6,0.0
2024-04-19 16:30:00,19.49,0.0
2024-04-19 17:00:00,19.57,0.0
2024-04-19 18:00:00,19.48,0.0
2024-04-19 18:30:00,19.4,0.0
2024-04-19 19:00:00,19.46,0.0
2024-04-19 19:30:00,19.4,0.0
2024-04-22 13:30:00,19.6,0.0
2024-04-22 15:00:00,19.44,0.0
2024-04-22 16:30:00,19.57,0.0
2024-04-22 17:00:00,19.64,0.0
2024-04-22 17:30:00,19.72,0.0
2024-04-22 19:30:00,19.69,0.0
2024-04-23 13:30:00,19.92,0.0
2024-04-23 14:00:00,19.99,0.0
2024-04-23 14:30:00,19.97,0.0
2024-04-23 15:00:00,19.97,0.0
2024-04-23 15:30:00,19.96,0.0
2024-04-23 16:00:00,20.0,0.0
2024-04-23 16:30:00,20.01,0.0
2024-04-23 17:00:00,20.02,0.0
2024-04-23 17:30:00,20.04,0.0
2024-04-23 18:00:00,20.05,0.0
2024-04-23 18:30:00,20.05,0.0
2024-04-23 19:30:00,20.04,0.0
2024-04-24 13:30:00,20.16,0.0
2024-04-24 15:30:00,20.0,0.0
2024-04-24 16:00:00,19.97,0.0
2024-04-24 17:00:00,20.07,0.0
2024-04-24 19:00:00,20.01,0.0
2024-04-24 19:30:00,20.05,0.0
2024-04-25 14:00:00,19.8,0.0
2024-04-25 14:30:00,19.68,0.0
2024-04-25 15:00:00,19.73,0.0
2024-04-25 16:30:00,19.8,0.0
2024-04-25 18:00:00,19.94,0.0
2024-04-25 19:30:00,19.92,0.0
2024-04-26 13:30:00,20.015,0.0
2024-04-26 14:00:00,20.16,0.0
2024-04-26 14:30:00,20.14,0.0
2024-04-26 15:00:00,20.12,0.0
2024-04-26 15:30:00,20.15,0.0
2024-04-26 16:00:00,20.15,0.0
2024-04-26 17:00:00,20.18,0.0
2024-04-26 18:00:00,20.22,0.0
2024-04-26 19:30:00,20.23,0.0
2024-04-29 13:30:00,20.27,0.0
2024-04-29 14:00:00,20.28,0.0
2024-04-29 14:30:00,20.35,0.0
2024-04-29 15:30:00,20.3,0.0
2024-04-29 18:30:00,20.28,0.0
2024-04-29 19:30:00,20.3,0.0
2024-04-30 13:30:00,20.14,0.0
2024-04-30 14:00:00,20.22,0.0
2024-04-30 14:30:00,20.23,0.0
2024-04-30 15:00:00,20.13,0.0
2024-04-30 15:30:00,20.1,0.0
2024-04-30 16:30:00,19.99,0.0
2024-04-30 18:30:00,20.0,0.0
2024-04-30 19:00:00,19.99,0.0
2024-04-30 19:30:00,19.9,0.0
2024-05-01 13:30:00,19.79,0.0
2024-05-01 14:00:00,19.7,0.0
2024-05-01 15:00:00,19.65,0.0
2024-05-01 16:00:00,19.61,0.0
2024-05-01 17:00:00,19.65,0.0
2024-05-01 17:30:00,19.67,0.0
2024-05-01 18:00:00,19.78,0.0
2024-05-01 19:00:00,20.05,0.0
2024-05-01 19:30:00,19.79,0.0
2024-05-02 13:30:00,19.95,0.0
2024-05-02 14:00:00,19.8,0.0
2024-05-02 14:30:00,19.92,0.0
2024-05-02 16:00:00,20.02,0.0
2024-05-02 16:30:00,19.99,0.0
2024-05-02 17:00:00,20.06,0.0
2024-05-02 18:00:00,20.14,0.0
2024-05-02 19:30:00,20.2,0.0
2024-05-03 13:30:00,20.44,0.0
2024-05-03 14:00:00,20.41,0.0
2024-05-03 14:30:00,20.39,0.0
2024-05-03 15:00:00,20.33,0.0
2024-05-03 18:00:00,20.37,0.0
2024-05-03 19:30:00,20.41,0.0
2024-05-06 13:30:00,20.6,0.0
2024-05-06 14:00:00,20.6,0.0
2024-05-06 15:00:00,20.59,0.0
2024-05-06 15:30:00,20.6,0.0
2024-05-06 16:00:00,20.58,0.0
2024-05-06 16:30:00,20.6,0.0
2024-05-06 17:00:00,20.63,0.0
2024-05-06 17:30:00,20.64,0.0
2024-05-06 19:00:00,20.63,0.0
2024-05-06 19:30:00,20.67,0.0
2024-05-07 13:30:00,20.57,0.0
2024-05-07 14:00:00,20.54,0.0
2024-05-07 14:30:00,20.55,0.0
2024-05-07 15:00:00,20.57,0.0
2024-05-07 15:30:00,20.56,0.0
2024-05-07 16:30:00,20.54,0.0
2024-05-07 17:00:00,20.55,0.0
2024-05-07 17:30:00,20.51,0.0
2024-05-07 18:00:00,20.49,0.0
2024-05-07 19:00:00,20.52,0.0
2024-05-07 19:30:00,20.52,0.0
2024-05-08 13:30:00,20.39,0.0
2024-05-08 14:00:00,20.45,0.0
2024-05-08 14:30:00,20.44,0.0
2024-05-08 15:00:00,20.42,0.0
2024-05-08 16:00:00,20.43,0.0
2024-05-08 16:30:00,20.43,0.0
2024-05-08 17:00:00,20.43,0.0
2024-05-08 17:30:00,20.43,0.0
2024-05-08 18:30:00,20.43,0.0
2024-05-08 19:00:00,20.45,0.0
2024-05-08 19:30:00,20.43,0.0
2024-05-09 13:30:00,20.38,0.0
2024-05-09 14:00:00,20.42,0.0
2024-05-09 15:00:00,20.49,0.0
2024-05-09 15:30:00,20.49,0.0
2024-05-09 16:30:00,20.51,0.0
2024-05-09 17:30:00,20.49,0.0
2024-05-09 18:00:00,20.47,0.0
2024-05-09 19:30:00,20.48,0.0
2024-05-10 13:30:00,20.57,0.0
2024-05-10 14:00:00,20.41,0.0
2024-05-10 14:30:00,20.35,0.0
2024-05-10 15:00:00,20.33,0.0
2024-05-10 15:30:00,20.29,0.0
2024-05-10 16:00:00,20.28,0.0
2024-05-10 16:30:00,20.27,0.0
2024-05-10 17:00:00,20.27,0.0
2024-05-10 17:30:00,20.27,0.0
2024-05-10 18:00:00,20.29,0.0
2024-05-10 19:00:00,20.28,0.0
2024-05-10 19:30:00,20.27,0.0
2024-05-13 13:30:00,20.45,0.0
2024-05-13 14:00:00,20.45,0.0
2024-05-13 14:30:00,20.44,0.0
2024-05-13 15:00:00,20.45,0.0
2024-05-13 16:00:00,20.44,0.0
2024-05-13 16:30:00,20.44,0.0
2024-05-13 17:00:00,20.38,0.0
2024-05-13 17:30:00,20.42,0.0
2024-05-13 19:00:00,20.44,0.0
2024-05-13 19:30:00,20.43,0.0
2024-05-14 13:30:00,20.51,0.0
2024-05-14 14:00:00,20.57,0.0
2024-05-14 14:30:00,20.53,0.0
2024-05-14 15:00:00,20.57,0.0
2024-05-14 15:30:00,20.57,0.0
2024-05-14 16:00:00,20.55,0.0
2024-05-14 17:00:00,20.52,0.0
2024-05-14 18:00:00,20.57,0.0
2024-05-14 19:30:00,20.61,0.0
2024-05-15 13:30:00,19.95,0.0
2024-05-15 14:00:00,19.95,0.0
2024-05-15 14:30:00,19.99,0.73
2024-05-15 15:00:00,19.99,0.0
2024-05-15 15:30:00,19.99,0.0
2024-05-15 16:00:00,19.98,0.0
2024-05-15 16:30:00,19.99,0.0
2024-05-15 17:00:00,20.0,0.0
2024-05-15 17:30:00,20.01,0.0
2024-05-15 18:00:00,20.03,0.0
2024-05-15 18:30:00,20.03,0.0
2024-05-15 19:30:00,20.03,0.0
2024-05-16 13:30:00,20.04,0.0
2024-05-16 14:00:00,20.07,0.0
2024-05-16 14:30:00,20.08,0.0
2024-05-16 15:00:00,20.08,0.0
2024-05-16 15:30:00,20.07,0.0
2024-05-16 16:30:00,20.05,0.0
2024-05-16 17:00:00,20.01,0.0
2024-05-16 19:30:00,20.02,0.0
2024-05-17 13:30:00,20.04,0.0
2024-05-17 14:00:00,20.08,0.0
2024-05-17 16:00:00,20.13,0.0
2024-05-17 16:30:00,20.14,0.0
2024-05-17 17:30:00,20.13,0.0
2024-05-17 18:00:00,20.05,0.0
2024-05-17 19:00:00,20.1,0.0
2024-05-17 19:30:00,20.16,0.0
2024-05-20 13:30:00,20.16,0.0
2024-05-20 14:00:00,20.19,0.0
2024-05-20 14:30:00,20.22,0.0
2024-05-20 15:30:00,20.27,0.0
2024-05-20 16:30:00,20.3,0.0
2024-05-20 17:00:00,20.31,0.0
2024-05-20 19:30:00,20.34,0.0
2024-05-21 13:30:00,20.3,0.0
2024-05-21 14:00:00,20.28,0.0
2024-05-21 15:00:00,20.27,0.0
2024-05-21 15:30:00,20.25,0.0
2024-05-21 17:00:00,20.26,0.0
2024-05-21 19:00:00,20.35,0.0
2024-05-21 19:30:00,20.35,0.0
2024-05-22 13:30:00,20.29,0.0
2024-05-22 16:30:00,20.3,0.0
2024-05-22 18:00:00,20.15,0.0
2024-05-22 19:00:00,20.15,0.0
2024-05-22 19:30:00,20.16,0.0
2024-05-23 13:30:00,20.1,0.0
2024-05-23 14:00:00,20.09,0.0
2024-05-23 14:30:00,20.01,0.0
2024-05-23 15:00:00,20.1,0.0
2024-05-23 16:30:00,20.12,0.0
2024-05-23 17:30:00,19.95,0.0
2024-05-23 18:00:00,19.86,0.0
2024-05-23 18:30:00,19.87,0.0
2024-05-23 19:00:00,19.89,0.0
2024-05-23 19:30:00,19.91,0.0
2024-05-24 13:30:00,20.01,0.0
2024-05-24 14:00:00,20.01,0.0
2024-05-24 15:00:00,20.2,0.0
2024-05-24 16:30:00,20.19,0.0
2024-05-24 17:30:00,20.23,0.0
2024-05-24 18:00:00,20.23,0.0
2024-05-24 19:00:00,20.21,0.0
2024-05-24 19:30:00,20.25,0.0
2024-05-28 13:30:00,20.17,0.0
2024-05-28 14:00:00,20.19,0.0
2024-05-28 14:30:00,20.22,0.0
2024-05-28 15:30:00,20.25,0.0
2024-05-28 16:00:00,20.24,0.0
2024-05-28 16:30:00,20.23,0.0
2024-05-28 17:00:00,20.2,0.0
2024-05-28 17:30:00,20.19,0.0
2024-05-28 18:30:00,20.15,0.0
2024-05-28 19:00:00,20.22,0.0
2024-05-28 19:30:00,20.25,0.0
2024-05-29 13:30:00,20.1,0.0
2024-05-29 14:00:00,20.1,0.0
2024-05-29 14:30:00,20.12,0.0
2024-05-29 15:00:00,20.11,0.0
2024-05-29 15:30:00,20.12,0.0
2024-05-29 16:00:00,20.14,0.0
2024-05-29 16:30:00,20.14,0.0
2024-05-29 18:00:00,20.19,0.0
2024-05-29 18:30:00,20.15,0.0
2024-05-29 19:30:00,20.13,0.0
2024-05-30 13:30:00,20.3,0.0
2024-05-30 14:00:00,20.25,0.0
2024-05-30 14:30:00,20.23,0.0
2024-05-30 15:00:00,20.2,0.0
2024-05-30 16:00:00,20.29,0.0
2024-05-30 17:00:00,20.3,0.0
2024-05-30 19:30:00,20.16,0.0
2024-05-31 13:30:00,20.27,0.0
2024-05-31 14:00:00,20.07,0.0
2024-05-31 14:30:00,19.95,0.0
2024-05-31 15:00:00,19.91,0.0
2024-05-31 15:30:00,19.85,0.0
2024-05-31 16:00:00,19.76,0.0
2024-05-31 16:30:00,19.8,0.0
2024-05-31 17:00:00,19.85,0.0
2024-05-31 17:30:00,19.88,0.0
2024-05-31 18:00:00,19.85,0.0
2024-05-31 18:30:00,19.85,0.0
2024-05-31 19:00:00,19.9,0.0
2024-05-31 19:30:00,19.95,0.0
2024-06-03 13:30:00,20.25,0.0
2024-06-03 14:00:00,20.23,0.0
2024-06-03 14:30:00,20.17,0.0
2024-06-03 15:00:00,20.17,0.0
2024-06-03 15:30:00,20.22,0.0
2024-06-03 16:00:00,20.1,0.0
2024-06-03 16:30:00,20.09,0.0
2024-06-03 17:00:00,20.04,0.0
2024-06-03 17:30:00,20.15,0.0
2024-06-03 18:00:00,20.15,0.0
2024-06-03 18:30:00,20.15,0.0
2024-06-03 19:00:00,20.15,0.0
2024-06-03 19:30:00,20.18,0.0
2024-06-04 13:30:00,20.14,0.0
2024-06-04 14:00:00,20.16,0.0
2024-06-04 14:30:00,20.18,0.0
2024-06-04 15:00:00,20.19,0.0
2024-06-04 15:30:00,20.17,0.0
2024-06-04 16:00:00,20.18,0.0
2024-06-04 16:30:00,20.2,0.0
2024-06-04 17:00:00,20.2,0.0
2024-06-04 18:00:00,20.25,0.0
2024-06-04 18:30:00,20.26,0.0
2024-06-04 19:00:00,20.21,0.0
2024-06-04 19:30:00,20.23,0.0
2024-06-05 13:30:00,20.32,0.0
2024-06-05 14:00:00,20.33,0.0
2024-06-05 14:30:00,20.37,0.0
2024-06-05 16:00:00,20.39,0.0
2024-06-05 17:00:00,20.41,0.0
2024-06-05 17:30:00,20.4,0.0
2024-06-05 19:30:00,20.42,0.0
2024-06-06 13:30:00,20.45,0.0
2024-06-06 14:00:00,20.45,0.0
2024-06-06 14:30:00,20.48,0.0
2024-06-06 15:00:00,20.47,0.0
2024-06-06 15:30:00,20.47,0.0
2024-06-06 16:00:00,20.47,0.0
2024-06-06 16:30:00,20.47,0.0
2024-06-06 18:00:00,20.5,0.0
2024-06-06 18:30:00,20.53,0.0
2024-06-06 19:00:00,20.52,0.0
2024-06-06 19:30:00,20.5,0.0
2024-06-07 13:30:00,20.51,0.0
2024-06-07 14:00:00,20.53,0.0
2024-06-07 14:30:00,20.58,0.0
2024-06-07 15:00:00,20.56,0.0
2024-06-07 15:30:00,20.57,0.0
2024-06-07 16:00:00,20.59,0.0
2024-06-07 17:00:00,20.59,0.0
2024-06-07 17:30:00,20.53,0.0
2024-06-07 18:00:00,20.45,0.0
2024-06-07 19:30:00,20.4,0.0
2024-06-10 13:30:00,20.82,0.0
2024-06-10 14:00:00,20.44,0.0
2024-06-10 14:30:00,20.46,0.0
2024-06-10 15:00:00,20.485,0.0
2024-06-10 15:30:00,20.51,0.0
2024-06-10 16:00:00,20.51,0.0
2024-06-10 16:30:00,20.49,0.0
2024-06-10 17:00:00,20.495,0.0
2024-06-10 18:00:00,20.465,0.0
2024-06-10 19:00:00,20.5,0.0
2024-06-10 19:30:00,20.47,0.0
2024-06-11 13:30:00,20.24,0.0
2024-06-11 14:00:00,20.3,0.0
2024-06-11 14:30:00,20.34,0.0
2024-06-11 15:00:00,20.34,0.0
2024-06-11 15:30:00,20.26,0.0
2024-06-11 16:30:00,20.3,0.0
2024-06-11 17:00:00,20.31,0.0
2024-06-11 17:30:00,20.32,0.0
2024-06-11 18:30:00,20.42,0.0
2024-06-11 19:00:00,20.4,0.0
2024-06-11 19:30:00,20.43,0.0
2024-06-12 13:30:00,20.66,0.0
2024-06-12 14:00:00,20.7,0.0
2024-06-12 14:30:00,20.66,0.0
2024-06-12 15:00:00,20.69,0.0
2024-06-12 15:30:00,20.66,0.0
2024-06-12 16:00:00,20.67,0.0
2024-06-12 16:30:00,20.66,0.0
2024-06-12 17:00:00,20.68,0.0
2024-06-12 17:30:00,20.67,0.0
2024-06-12 18:00:00,20.67,0.0
2024-06-12 18:30:00,20.6,0.0
2024-06-12 19:00:00,20.69,0.0
2024-06-12 19:30:00,20.6,0.0
2024-06-13 13:30:00,20.58,0.0
2024-06-13 14:00:00,20.48,0.0
2024-06-13 14:30:00,20.47,0.0
2024-06-13 15:00:00,20.45,0.0
2024-06-13 15:30:00,20.42,0.0
2024-06-13 16:00:00,20.41,0.0
2024-06-13 16:30:00,20.4,0.0
2024-06-13 17:00:00,20.44,0.0
2024-06-13 17:30:00,20.44,0.0
2024-06-13 18:30:00,20.42,0.0
2024-06-13 19:00:00,20.42,0.0
2024-06-13 19:30:00,20.36,0.0
2024-06-14 13:30:00,19.65,0.0
2024-06-14 14:00:00,19.58,0.0
2024-06-14 14:30:00,19.59,0.73
2024-06-14 15:00:00,19.585,0.0
2024-06-14 15:30:00,19.51,0.0
2024-06-14 16:00:00,19.47,0.0
2024-06-14 16:30:00,19.51,0.0
2024-06-14 17:00:00,19.515,0.0
2024-06-14 17:30:00,19.5,0.0
2024-06-14 18:00:00,19.46,0.0
2024-06-14 18:30:00,19.5,0.0
2024-06-14 19:00:00,19.51,0.0
2024-06-14 19:30:00,19.52,0.0
2024-06-17 13:30:00,19.49,0.0
2024-06-17 14:00:00,19.38,0.0
2024-06-17 14:30:00,19.45,0.0
2024-06-17 15:00:00,19.49,0.0
2024-06-17 15:30:00,19.5,0.0
2024-06-17 16:00:00,19.5,0.0
2024-06-17 16:30:00,19.57,0.0
2024-06-17 17:00:00,19.61,0.0
2024-06-17 18:00:00,19.69,0.0
2024-06-17 18:30:00,19.69,0.0
2024-06-17 19:00:00,19.68,0.0
2024-06-17 19:30:00,19.65,0.0
2024-06-18 13:30:00,19.6,0.0
2024-06-18 14:00:00,19.59,0.0
2024-06-18 14:30:00,19.57,0.0
2024-06-18 15:00:00,19.54,0.0
2024-06-18 15:30:00,19.56,0.0
2024-06-18 16:00:00,19.55,0.0
2024-06-18 16:30:00,19.53,0.0
2024-06-18 17:00:00,19.56,0.0
2024-06-18 17:30:00,19.55,0.0
2024-06-18 18:00:00,19.52,0.0
2024-06-18 19:00:00,19.54,0.0
2024-06-18 19:30:00,19.54,0.0
2024-06-20 13:30:00,19.6,0.0
2024-06-20 14:00:00,19.59,0.0
2024-06-20 14:30:00,19.61,0.0
2024-06-20 15:00:00,19.6,0.0
2024-06-20 15:30:00,19.6,0.0
2024-06-20 16:00:00,19.54,0.0
2024-06-20 16:30:00,19.49,0.0
2024-06-20 17:00:00,19.5,0.0
2024-06-20 17:30:00,19.47,0.0
2024-06-20 19:30:00,19.53,0.0
2024-06-21 13:30:00,19.49,0.0
2024-06-21 14:00:00,19.47,0.0
2024-06-21 14:30:00,19.52,0.0
2024-06-21 15:00:00,19.5,0.0
2024-06-21 15:30:00,19.53,0.0
2024-06-21 16:00:00,19.53,0.0
2024-06-21 17:30:00,19.46,0.0
2024-06-21 18:30:00,19.48,0.0
2024-06-21 19:00:00,19.48,0.0
2024-06-21 19:30:00,19.5,0.0
2024-06-24 13:30:00,19.5,0.0
2024-06-24 14:00:00,19.47,0.0
2024-06-24 14:30:00,19.45,0.0
2024-06-24 15:00:00,19.46,0.0
2024-06-24 15:30:00,19.48,0.0
2024-06-24 16:00:00,19.46,0.0
2024-06-24 16:30:00,19.4,0.0
2024-06-24 17:00:00,19.36,0.0
2024-06-24 17:30:00,19.37,0.0
2024-06-24 18:00:00,19.34,0.0
2024-06-24 18:30:00,19.37,0.0
2024-06-24 19:00:00,19.4,0.0
2024-06-24 19:30:00,19.37,0.0
2024-06-25 13:30:00,19.48,0.0
2024-06-25 14:00:00,19.54,0.0
2024-06-25 14:30:00,19.54,0.0
2024-06-25 15:30:00,19.61,0.0
2024-06-25 16:00:00,19.61,0.0
2024-06-25 16:30:00,19.55,0.0
2024-06-25 17:00:00,19.59,0.0
2024-06-25 18:00:00,19.57,0.0
2024-06-25 18:30:00,19.6,0.0
2024-06-25 19:30:00,19.63,0.0
2024-06-26 13:30:00,19.59,0.0
2024-06-26 14:00:00,19.63,0.0
2024-06-26 15:00:00,19.56,0.0
2024-06-26 16:00:00,19.61,0.0
2024-06-26 16:30:00,19.57,0.0
2024-06-26 17:00:00,19.6,0.0
2024-06-26 17:30:00,19.55,0.0
2024-06-26 18:30:00,19.55,0.0
2024-06-26 19:00:00,19.52,0.0
2024-06-26 19:30:00,19.53,0.0
2024-06-27 13:30:00,19.6,0.0
2024-06-27 14:00:00,19.63,0.0
2024-06-27 14:30:00,19.59,0.0
2024-06-27 15:00:00,19.59,0.0
2024-06-27 15:30:00,19.57,0.0
2024-06-27 16:00:00,19.615,0.0
2024-06-27 16:30:00,19.62,0.0
2024-06-27 17:00:00,19.65,0.0
2024-06-27 19:00:00,19.66,0.0
2024-06-27 19:30:00,19.68,0.0
2024-06-28 13:30:00,19.7,0.0
2024-06-28 14:00:00,19.69,0.0
2024-06-28 14:30:00,19.65,0.0
2024-06-28 15:00:00,19.64,0.0
2024-06-28 15:30:00,19.6,0.0
2024-06-28 16:00:00,19.56,0.0
2024-06-28 16:30:00,19.5,0.0
2024-06-28 18:00:00,19.52,0.0
2024-06-28 18:30:00,19.52,0.0
2024-06-28 19:00:00,19.51,0.0
2024-06-28 19:30:00,19.48,0.0
2024-07-01 13:30:00,19.54,0.0
2024-07-01 14:00:00,19.53,0.0
2024-07-01 14:30:00,19.52,0.0
2024-07-01 15:00:00,19.51,0.0
2024-07-01 16:30:00,19.57,0.0
2024-07-01 17:00:00,19.55,0.0
2024-07-01 19:30:00,19.56,0.0
2024-07-02 13:30:00,19.62,0.0
2024-07-02 14:00:00,19.58,0.0
2024-07-02 14:30:00,19.62,0.0
2024-07-02 15:00:00,19.61,0.0
2024-07-02 15:30:00,19.58,0.0
2024-07-02 16:00:00,19.58,0.0
2024-07-02 16:30:00,19.58,0.0
2024-07-02 17:00:00,19.63,0.0
2024-07-02 19:30:00,19.65,0.0
2024-07-03 13:30:00,19.71,0.0
2024-07-03 14:00:00,19.74,0.0
2024-07-03 14:30:00,19.74,0.0
2024-07-03 15:00:00,19.73,0.0
2024-07-03 15:30:00,19.74,0.0
2024-07-03 16:00:00,19.78,0.0
2024-07-03 16:30:00,19.74,0.0
2024-07-03 17:30:00,19.77,0.0
2024-07-05 13:30:00,19.7,0.0
2024-07-05 14:00:00,19.67,0.0
2024-07-05 15:00:00,19.75,0.0
2024-07-05 16:00:00,19.8,0.0
2024-07-05 16:30:00,19.78,0.0
2024-07-05 17:00:00,19.78,0.0
2024-07-05 18:00:00,19.85,0.0
2024-07-05 18:30:00,19.83,0.0
2024-07-05 19:00:00,19.86,0.0
2024-07-05 19:30:00,19.85,0.0
2024-07-08 13:30:00,19.86,0.0
2024-07-08 14:00:00,19.87,0.0
2024-07-08 14:30:00,19.83,0.0
2024-07-08 15:00:00,19.89,0.0
2024-07-08 15:30:00,19.85,0.0
2024-07-08 16:00:00,19.82,0.0
2024-07-08 16:30:00,19.84,0.0
2024-07-08 17:00:00,19.84,0.0
2024-07-08 17:30:00,19.84,0.0
2024-07-08 18:30:00,19.84,0.0
2024-07-08 19:00:00,19.85,0.0
2024-07-08 19:30:00,19.86,0.0
2024-07-09 13:30:00,19.94,0.0
2024-07-09 14:00:00,19.88,0.0
2024-07-09 14:30:00,19.87,0.0
2024-07-09 15:00:00,19.84,0.0
2024-07-09 15:30:00,19.86,0.0
2024-07-09 16:00:00,19.91,0.0
2024-07-09 17:00:00,19.87,0.0
2024-07-09 17:30:00,19.88,0.0
2024-07-09 18:00:00,19.9,0.0
2024-07-09 18:30:00,19.91,0.0
2024-07-09 19:00:00,19.91,0.0
2024-07-09 19:30:00,19.88,0.0
2024-07-10 13:30:00,19.93,0.0
2024-07-10 14:00:00,19.91,0.0
2024-07-10 14:30:00,19.88,0.0
2024-07-10 15:00:00,19.89,0.0
2024-07-10 15:30:00,19.93,0.0
2024-07-10 16:00:00,19.92,0.0
2024-07-10 17:00:00,19.96,0.0
2024-07-10 18:30:00,19.97,0.0
2024-07-10 19:30:00,19.98,0.0
2024-07-11 13:30:00,20.14,0.0
2024-07-11 14:00:00,20.05,0.0
2024-07-11 15:00:00,19.99,0.0
2024-07-11 15:30:00,19.83,0.0
2024-07-11 16:00:00,19.87,0.0
2024-07-11 16:30:00,19.91,0.0
2024-07-11 17:00:00,19.88,0.0
2024-07-11 17:30:00,19.82,0.0
2024-07-11 18:00:00,19.82,0.0
2024-07-11 18:30:00,19.87,0.0
2024-07-11 19:00:00,19.85,0.0
2024-07-11 19:30:00,19.87,0.0
2024-07-12 13:30:00,19.9,0.0
2024-07-12 14:00:00,19.91,0.0
2024-07-12 14:30:00,19.98,0.0
2024-07-12 15:00:00,19.99,0.0
2024-07-12 15:30:00,20.0,0.0
2024-07-12 16:00:00,20.01,0.0
2024-07-12 16:30:00,20.04,0.0
2024-07-12 17:00:00,20.04,0.0
2024-07-12 17:30:00,20.08,0.0
2024-07-12 18:00:00,20.05,0.0
2024-07-12 19:00:00,20.03,0.0
2024-07-12 19:30:00,19.93,0.0
2024-07-15 13:30:00,20.17,0.0
2024-07-15 14:00:00,20.19,0.0
2024-07-15 14:30:00,20.23,0.0
2024-07-15 15:00:00,20.27,0.0
2024-07-15 15:30:00,20.24,0.0
2024-07-15 16:00:00,20.2,0.0
2024-07-15 17:00:00,20.22,0.0
2024-07-15 19:00:00,20.21,0.0
2024-07-15 19:30:00,20.18,0.0
2024-07-16 13:30:00,20.2,0.0
2024-07-16 14:00:00,20.13,0.0
2024-07-16 14:30:00,20.16,0.0
2024-07-16 15:00:00,20.2,0.0
2024-07-16 15:30:00,20.17,0.0
2024-07-16 16:00:00,20.15,0.0
2024-07-16 17:00:00,20.165,0.0
2024-07-16 17:30:00,20.17,0.0
2024-07-16 18:00:00,20.18,0.0
2024-07-16 18:30:00,20.21,0.0
2024-07-16 19:00:00,20.23,0.0
2024-07-16 19:30:00,20.21,0.0
2024-07-17 13:30:00,19.37,0.0
2024-07-17 14:00:00,19.26,0.0
2024-07-17 14:30:00,19.24,0.65
2024-07-17 15:00:00,19.23,0.0
2024-07-17 15:30:00,19.19,0.0
2024-07-17 16:00:00,19.15,0.0
2024-07-17 18:00:00,19.18,0.0
2024-07-17 19:00:00,19.21,0.0
2024-07-17 19:30:00,19.21,0.0
2024-07-18 13:30:00,19.21,0.0
2024-07-18 14:00:00,19.24,0.0
2024-07-18 14:30:00,19.17,0.0
2024-07-18 15:00:00,19.05,0.0
2024-07-18 15:30:00,18.99,0.0
2024-07-18 16:00:00,18.98,0.0
2024-07-18 16:30:00,19.04,0.0
2024-07-18 17:00:00,19.07,0.0
2024-07-18 17:30:00,19.02,0.0
2024-07-18 18:00:00,19.0,0.0
2024-07-18 19:00:00,18.88,0.0
2024-07-18 19:30:00,18.95,0.0
2024-07-19 13:30:00,19.04,0.0
2024-07-19 14:00:00,19.0,0.0
2024-07-19 14:30:00,19.01,0.0
2024-07-19 15:00:00,18.95,0.0
2024-07-19 15:30:00,18.91,0.0
2024-07-19 16:00:00,19.01,0.0
2024-07-19 16:30:00,18.99,0.0
2024-07-19 17:00:00,18.93,0.0
2024-07-19 17:30:00,18.95,0.0
2024-07-19 18:00:00,18.99,0.0
2024-07-19 18:30:00,18.96,0.0
2024-07-19 19:00:00,19.0,0.0
2024-07-19 19:30:00,18.99,0.0
2024-07-22 13:30:00,19.11,0.0
2024-07-22 14:00:00,19.11,0.0
2024-07-22 14:30:00,19.12,0.0
2024-07-22 15:00:00,19.08,0.0
2024-07-22 15:30:00,19.07,0.0
2024-07-22 16:00:00,19.08,0.0
2024-07-22 17:30:00,19.2,0.0
2024-07-22 18:00:00,19.22,0.0
2024-07-22 19:30:00,19.24,0.0
2024-07-23 13:30:00,19.19,0.0
2024-07-23 14:00:00,19.26,0.0
2024-07-23 14:30:00,19.2,0.0
2024-07-23 15:30:00,19.25,0.0
2024-07-23 17:00:00,19.18,0.0
2024-07-23 18:00:00,19.2,0.0
2024-07-23 19:30:00,19.14,0.0
2024-07-24 13:30:00,18.8,0.0
2024-07-24 14:00:00,18.8,0.0
2024-07-24 14:30:00,18.81,0.0
2024-07-24 15:00:00,18.72,0.0
2024-07-24 15:30:00,18.74,0.0
2024-07-24 16:00:00,18.7,0.0
2024-07-24 16:30:00,18.68,0.0
2024-07-24 18:00:00,18.63,0.0
2024-07-24 18:30:00,18.6,0.0
2024-07-24 19:00:00,18.51,0.0
2024-07-24 19:30:00,18.49,0.0
2024-07-25 13:30:00,18.22,0.0
2024-07-25 14:00:00,18.16,0.0
2024-07-25 14:30:00,18.49,0.0
2024-07-25 15:00:00,18.52,0.0
2024-07-25 15:30:00,18.45,0.0
2024-07-25 16:00:00,18.62,0.0
2024-07-25 16:30:00,18.66,0.0
2024-07-25 17:00:00,18.59,0.0
2024-07-25 17:30:00,18.56,0.0
2024-07-25 18:00:00,18.53,0.0
2024-07-25 18:30:00,18.49,0.0
2024-07-25 19:00:00,18.55,0.0
2024-07-25 19:30:00,18.37,0.0
2024-07-26 13:30:00,18.58,0.0
2024-07-26 14:00:00,18.55,0.0
2024-07-26 14:30:00,18.48,0.0
2024-07-26 15:00:00,18.51,0.0
2024-07-26 15:30:00,18.55,0.0
2024-07-26 16:00:00,18.58,0.0
2024-07-26 16:30:00,18.58,0.0
2024-07-26 17:00:00,18.62,0.0
2024-07-26 17:30:00,18.55,0.0
2024-07-26 18:30:00,18.57,0.0
2024-07-26 19:30:00,18.57,0.0
2024-07-29 13:30:00,18.75,0.0
2024-07-29 14:00:00,18.71,0.0
2024-07-29 14:30:00,18.66,0.0
2024-07-29 15:00:00,18.6,0.0
2024-07-29 15:30:00,18.58,0.0
2024-07-29 17:30:00,18.64,0.0
2024-07-29 18:30:00,18.6,0.0
2024-07-29 19:30:00,18.6,0.0
2024-07-30 13:30:00,18.73,0.0
2024-07-30 14:00:00,18.66,0.0
2024-07-30 14:30:00,18.6,0.0
2024-07-30 15:00:00,18.5,0.0
2024-07-30 15:30:00,18.47,0.0
2024-07-30 16:30:00,18.39,0.0
2024-07-30 17:00:00,18.38,0.0
2024-07-30 19:30:00,18.48,0.0
2024-07-31 13:30:00,18.84,0.0
2024-07-31 14:00:00,18.85,0.0
2024-07-31 14:30:00,18.85,0.0
2024-07-31 15:30:00,18.9,0.0
2024-07-31 17:30:00,18.8,0.0
2024-07-31 19:00:00,18.94,0.0
2024-08-01 13:30:00,18.79,0.0
2024-08-01 14:00:00,18.68,0.0
2024-08-01 14:30:00,18.5,0.0
2024-08-01 15:00:00,18.42,0.0
2024-08-01 15:30:00,18.35,0.0
2024-08-01 16:00:00,18.32,0.0
2024-08-01 16:30:00,18.3,0.0
2024-08-01 17:00:00,18.18,0.0
2024-08-01 17:30:00,18.1,0.0
2024-08-01 18:00:00,18.14,0.0
2024-08-01 18:30:00,18.07,0.0
2024-08-01 19:00:00,18.12,0.0
2024-08-01 19:30:00,18.18,0.0
2024-08-02 13:30:00,17.95,0.0
2024-08-02 14:00:00,17.84,0.0
2024-08-02 14:30:00,17.7,0.0
2024-08-02 15:00:00,17.67,0.0
2024-08-02 15:30:00,17.83,0.0
2024-08-02 16:00:00,17.81,0.0
2024-08-02 16:30:00,17.75,0.0
2024-08-02 17:00:00,17.78,0.0
2024-08-02 17:30:00,17.75,0.0
2024-08-02 18:00:00,17.69,0.0
2024-08-02 19:30:00,17.73,0.0
2024-08-05 13:30:00,16.82,0.0
2024-08-05 14:00:00,16.88,0.0
2024-08-05 14:30:00,17.07,0.0
2024-08-05 15:00:00,17.15,0.0
2024-08-05 15:30:00,17.2,0.0
2024-08-05 16:00:00,17.25,0.0
2024-08-05 16:30:00,17.2,0.0
2024-08-05 17:00:00,17.16,0.0
2024-08-05 17:30:00,17.21,0.0
2024-08-05 18:00:00,17.15,0.0
2024-08-05 18:30:00,17.04,0.0
2024-08-05 19:30:00,17.02,0.0
2024-08-06 13:30:00,17.18,0.0
2024-08-06 14:00:00,17.28,0.0
2024-08-06 15:00:00,17.3,0.0
2024-08-06 15:30:00,17.27,0.0
2024-08-06 16:00:00,17.4,0.0
2024-08-06 17:00:00,17.47,0.0
2024-08-06 19:00:00,17.48,0.0
2024-08-06 19:30:00,17.38,0.0
2024-08-07 13:30:00,17.6,0.0
2024-08-07 14:00:00,17.62,0.0
2024-08-07 14:30:00,17.6,0.0
2024-08-07 15:00:00,17.59,0.0
2024-08-07 15:30:00,17.47,0.0
2024-08-07 16:00:00,17.44,0.0
2024-08-07 16:30:00,17.43,0.0
2024-08-07 17:00:00,17.34,0.0
2024-08-07 19:30:00,17.18,0.0
2024-08-08 13:30:00,17.39,0.0
2024-08-08 14:00:00,17.52,0.0
2024-08-08 14:30:00,17.58,0.0
2024-08-08 15:00:00,17.6,0.0
2024-08-08 15:30:00,17.59,0.0
2024-08-08 16:00:00,17.65,0.0
2024-08-08 16:30:00,17.57,0.0
2024-08-08 17:00:00,17.61,0.0
2024-08-08 19:00:00,17.71,0.0
2024-08-08 19:30:00,17.69,0.0
2024-08-09 13:30:00,17.69,0.0
2024-08-09 14:00:00,17.77,0.0
2024-08-09 14:30:00,17.725,0.0
2024-08-09 15:00:00,17.78,0.0
2024-08-09 15:30:00,17.74,0.0
2024-08-09 17:00:00,17.83,0.0
2024-08-09 17:30:00,17.84,0.0
2024-08-09 18:30:00,17.82,0.0
2024-08-09 19:00:00,17.82,0.0
2024-08-09 19:30:00,17.84,0.0
2024-08-12 13:30:00,17.79,0.0
2024-08-12 14:00:00,17.86,0.0
2024-08-12 14:30:00,17.9,0.0
2024-08-12 15:00:00,17.8,0.0
2024-08-12 15:30:00,17.83,0.0
2024-08-12 16:00:00,17.86,0.0
2024-08-12 16:30:00,17.83,0.0
2024-08-12 17:00:00,17.85,0.0
2024-08-12 17:30:00,17.81,0.0
2024-08-12 18:00:00,17.82,0.0
2024-08-12 19:30:00,17.78,0.0
2024-08-13 13:30:00,17.98,0.0
2024-08-13 14:00:00,18.01,0.0
2024-08-13 14:30:00,18.02,0.0
2024-08-13 16:30:00,18.1,0.0
2024-08-13 17:00:00,18.14,0.0
2024-08-13 17:30:00,18.11,0.0
2024-08-13 19:00:00,18.12,0.0
2024-08-13 19:30:00,18.14,0.0
2024-08-14 13:30:00,18.07,0.0
2024-08-14 14:00:00,18.03,0.0
2024-08-14 14:30:00,17.99,0.0
2024-08-14 16:00:00,18.05,0.0
2024-08-14 16:30:00,18.04,0.0
2024-08-14 18:00:00,18.06,0.0
2024-08-14 18:30:00,18.08,0.0
2024-08-14 19:00:00,18.07,0.0
2024-08-14 19:30:00,18.11,0.0
2024-08-15 13:30:00,17.68,0.0
2024-08-15 14:00:00,17.69,0.0
2024-08-15 14:30:00,17.7,0.59
2024-08-15 15:00:00,17.7,0.0
2024-08-15 16:30:00,17.74,0.0
2024-08-15 17:00:00,17.73,0.0
2024-08-15 18:00:00,17.71,0.0
2024-08-15 19:00:00,17.69,0.0
2024-08-15 19:30:00,17.66,0.0
2024-08-16 13:30:00,17.72,0.0
2024-08-16 14:00:00,17.77,0.0
2024-08-16 14:30:00,17.72,0.0
2024-08-16 15:00:00,17.74,0.0
2024-08-16 15:30:00,17.75,0.0
2024-08-16 17:00:00,17.77,0.0
2024-08-16 17:30:00,17.79,0.0
2024-08-16 18:00:00,17.79,0.0
2024-08-16 18:30:00,17.8,0.0
2024-08-16 19:30:00,17.78,0.0
2024-08-19 13:30:00,17.82,0.0
2024-08-19 14:00:00,17.82,0.0
2024-08-19 14:30:00,17.88,0.0
2024-08-19 15:00:00,17.93,0.0
2024-08-19 15:30:00,17.9,0.0
2024-08-19 16:00:00,17.89,0.0
2024-08-19 17:00:00,17.93,0.0
2024-08-19 17:30:00,17.93,0.0
2024-08-19 18:00:00,17.95,0.0
2024-08-19 18:30:00,17.96,0.0
2024-08-19 19:00:00,17.94,0.0
2024-08-19 19:30:00,17.92,0.0
2024-08-20 13:30:00,18.05,0.0
2024-08-20 14:00:00,17.94,0.0
2024-08-20 14:30:00,17.91,0.0
2024-08-20 15:00:00,17.91,0.0
2024-08-20 15:30:00,17.88,0.0
2024-08-20 16:00:00,17.9,0.0
2024-08-20 16:30:00,17.85,0.0
2024-08-20 17:00:00,17.84,0.0
2024-08-20 18:00:00,17.89,0.0
2024-08-20 18:30:00,17.9,0.0
2024-08-20 19:30:00,17.91,0.0
2024-08-21 13:30:00,17.95,0.0
2024-08-21 14:00:00,17.94,0.0
2024-08-21 14:30:00,17.91,0.0
2024-08-21 15:00:00,17.92,0.0
2024-08-21 15:30:00,17.95,0.0
2024-08-21 16:00:00,17.95,0.0
2024-08-21 16:30:00,17.95,0.0
2024-08-21 18:00:00,18.005,0.0
2024-08-21 18:30:00,18.025,0.0
2024-08-21 19:00:00,18.02,0.0
2024-08-21 19:30:00,18.05,0.0
2024-08-22 13:30:00,17.98,0.0
2024-08-22 14:00:00,17.93,0.0
2024-08-22 14:30:00,17.9,0.0
2024-08-22 15:00:00,17.86,0.0
2024-08-22 15:30:00,17.78,0.0
2024-08-22 16:00:00,17.82,0.0
2024-08-22 16:30:00,17.84,0.0
2024-08-22 17:30:00,17.75,0.0
2024-08-22 18:30:00,17.76,0.0
2024-08-22 19:00:00,17.76,0.0
2024-08-22 19:30:00,17.685,0.0
2024-08-23 13:30:00,17.86,0.0
2024-08-23 14:00:00,17.98,0.0
2024-08-23 14:30:00,17.89,0.0
2024-08-23 15:30:00,17.93,0.0
2024-08-23 16:00:00,17.89,0.0
2024-08-23 17:00:00,17.9,0.0
2024-08-23 17:30:00,17.94,0.0
2024-08-23 18:00:00,17.94,0.0
2024-08-23 19:30:00,18.0,0.0
2024-08-26 13:30:00,18.0,0.0
2024-08-26 14:00:00,17.98,0.0
2024-08-26 14:30:00,17.91,0.0
2024-08-26 15:00:00,17.91,0.0
2024-08-26 15:30:00,17.935,0.0
2024-08-26 17:30:00,17.89,0.0
2024-08-26 18:00:00,17.92,0.0
2024-08-26 19:00:00,17.95,0.0
2024-08-26 19:30:00,17.91,0.0
2024-08-27 13:30:00,17.83,0.0
2024-08-27 14:00:00,17.84,0.0
2024-08-27 14:30:00,17.89,0.0
2024-08-27 15:00:00,17.85,0.0
2024-08-27 15:30:00,17.82,0.0
2024-08-27 16:30:00,17.79,0.0
2024-08-27 19:00:00,17.83,0.0
2024-08-27 19:30:00,17.82,0.0
2024-08-28 13:30:00,17.69,0.0
2024-08-28 14:00:00,17.67,0.0
2024-08-28 14:30:00,17.56,0.0
2024-08-28 15:00:00,17.46,0.0
2024-08-28 15:30:00,17.54,0.0
2024-08-28 16:00:00,17.46,0.0
2024-08-28 16:30:00,17.5,0.0
2024-08-28 17:30:00,17.43,0.0
2024-08-28 18:30:00,17.48,0.0
2024-08-28 19:00:00,17.55,0.0
2024-08-28 19:30:00,17.52,0.0
2024-08-29 14:00:00,17.78,0.0
2024-08-29 14:30:00,17.79,0.0
2024-08-29 17:00:00,17.78,0.0
2024-08-29 18:00:00,17.73,0.0
2024-08-29 18:30:00,17.61,0.0
2024-08-29 19:30:00,17.65,0.0
2024-08-30 13:30:00,17.72,0.0
2024-08-30 14:00:00,17.68,0.0
2024-08-30 14:30:00,17.62,0.0
2024-08-30 15:00:00,17.58,0.0
2024-08-30 15:30:00,17.58,0.0
2024-08-30 16:00:00,17.59,0.0
2024-09-03 13:30:00,17.54,0.0
2024-09-03 14:00:00,17.48,0.0
2024-09-03 14:30:00,17.41,0.0
2024-09-03 15:30:00,17.4,0.0
2024-09-03 16:00:00,17.38,0.0
2024-09-03 16:30:00,17.36,0.0
2024-09-03 17:00:00,17.37,0.0
2024-09-03 17:30:00,17.37,0.0
2024-09-03 18:00:00,17.28,0.0
2024-09-03 18:30:00,17.26,0.0
2024-09-03 19:00:00,17.25,0.0
2024-09-03 19:30:00,17.21,0.0
2024-09-04 13:30:00,17.18,0.0
2024-09-04 14:00:00,17.23,0.0
2024-09-04 14:30:00,17.28,0.0
2024-09-04 15:00:00,17.35,0.0
2024-09-04 15:30:00,17.27,0.0
2024-09-04 16:00:00,17.27,0.0
2024-09-04 17:30:00,17.26,0.0
2024-09-04 18:00:00,17.25,0.0
2024-09-04 18:30:00,17.22,0.0
2024-09-04 19:00:00,17.2,0.0
2024-09-04 19:30:00,17.22,0.0
2024-09-05 13:30:00,17.22,0.0
2024-09-05 14:00:00,17.27,0.0
2024-09-05 14:30:00,17.2,0.0
2024-09-05 15:00:00,17.15,0.0
2024-09-05 15:30:00,17.12,0.0
2024-09-05 16:30:00,17.15,0.0
2024-09-05 17:00:00,17.12,0.0
2024-09-05 17:30:00,17.18,0.0
2024-09-05 19:30:00,17.16,0.0
2024-09-06 13:30:00,17.13,0.0
2024-09-06 14:00:00,17.0,0.0
2024-09-06 14:30:00,16.85,0.0
2024-09-06 15:00:00,16.84,0.0
2024-09-06 15:30:00,16.76,0.0
2024-09-06 16:00:00,16.74,0.0
2024-09-06 16:30:00,16.7,0.0
2024-09-06 17:00:00,16.76,0.0
2024-09-06 17:30:00,16.75,0.0
2024-09-06 18:00:00,16.68,0.0
2024-09-06 18:30:00,16.69,0.0
2024-09-06 19:30:00,16.73,0.0
2024-09-09 13:30:00,17.05,0.0
2024-09-09 14:00:00,17.08,0.0
2024-09-09 14:30:00,16.94,0.0
2024-09-09 15:00:00,16.9,0.0
2024-09-09 17:00:00,17.09,0.0
2024-09-09 19:30:00,17.07,0.0
2024-09-10 13:30:00,17.04,0.0
2024-09-10 14:00:00,16.97,0.0
2024-09-10 14:30:00,17.0,0.0
2024-09-10 15:30:00,16.94,0.0
2024-09-10 16:00:00,16.9,0.0
2024-09-10 17:00:00,16.965,0.0
2024-09-10 19:30:00,17.13,0.0
2024-09-11 13:30:00,17.04,0.0
2024-09-11 14:00:00,16.99,0.0
2024-09-11 14:30:00,16.91,0.0
2024-09-11 15:00:00,16.98,0.0
2024-09-11 15:30:00,17.03,0.0
2024-09-11 16:30:00,17.13,0.0
2024-09-11 19:30:00,17.31,0.0
2024-09-12 13:30:00,17.27,0.0
2024-09-12 14:00:00,17.3,0.0
2024-09-12 14:30:00,17.26,0.0
2024-09-12 15:00:00,17.29,0.0
2024-09-12 15:30:00,17.28,0.0
2024-09-12 16:30:00,17.31,0.0
2024-09-12 17:30:00,17.39,0.0
2024-09-12 18:00:00,17.41,0.0
2024-09-12 18:30:00,17.38,0.0
2024-09-12 19:00:00,17.41,0.0
2024-09-12 19:30:00,17.39,0.0
2024-09-13 13:30:00,17.46,0.0
2024-09-13 14:00:00,17.48,0.0
2024-09-13 14:30:00,17.49,0.0
2024-09-13 15:00:00,17.49,0.0
2024-09-13 15:30:00,17.5,0.0
2024-09-13 16:00:00,17.5,0.0
2024-09-13 16:30:00,17.48,0.0
2024-09-13 17:00:00,17.48,0.0
2024-09-13 18:00:00,17.49,0.0
2024-09-13 19:30:00,17.48,0.0
2024-09-16 13:30:00,17.47,0.0
2024-09-16 14:00:00,17.44,0.0
2024-09-16 14:30:00,17.44,0.0
2024-09-16 15:00:00,17.47,0.0
2024-09-16 15:30:00,17.46,0.0
2024-09-16 16:00:00,17.44,0.0
2024-09-16 17:30:00,17.47,0.0
2024-09-16 18:00:00,17.5,0.0
2024-09-16 19:00:00,17.49,0.0
2024-09-16 19:30:00,17.49,0.0
2024-09-17 13:30:00,17.61,0.0
2024-09-17 14:00:00,17.64,0.0
2024-09-17 14:30:00,17.68,0.0
2024-09-17 15:00:00,17.7,0.0
2024-09-17 15:30:00,17.73,0.0
2024-09-17 16:00:00,17.63,0.0
2024-09-17 16:30:00,17.59,0.0
2024-09-17 17:30:00,17.58,0.0
2024-09-17 18:00:00,17.57,0.0
2024-09-17 19:00:00,17.57,0.0
2024-09-17 19:30:00,17.57,0.0
2024-09-18 13:30:00,17.61,0.0
2024-09-18 14:00:00,17.55,0.0
2024-09-18 14:30:00,17.62,0.0
2024-09-18 15:00:00,17.57,0.0
2024-09-18 15:30:00,17.535,0.0
2024-09-18 16:30:00,17.58,0.0
2024-09-18 17:00:00,17.59,0.0
2024-09-18 17:30:00,17.61,0.0
2024-09-18 18:00:00,17.67,0.0
2024-09-18 18:30:00,17.7,0.0
2024-09-18 19:00:00,17.69,0.0
2024-09-18 19:30:00,17.58,0.0
2024-09-19 13:30:00,17.6,0.0
2024-09-19 14:00:00,17.69,0.0
2024-09-19 14:30:00,17.66,0.23
2024-09-19 15:00:00,17.71,0.0
2024-09-19 15:30:00,17.72,0.0
2024-09-19 16:00:00,17.73,0.0
2024-09-19 16:30:00,17.73,0.0
2024-09-19 17:00:00,17.74,0.0
2024-09-19 18:00:00,17.73,0.0
2024-09-19 18:30:00,17.71,0.0
2024-09-19 19:00:00,17.68,0.0
2024-09-19 19:30:00,17.68,0.0
2024-09-20 13:30:00,17.67,0.0
2024-09-20 14:00:00,17.61,0.0
2024-09-20 14:30:00,17.58,0.0
2024-09-20 15:00:00,17.535,0.0
2024-09-20 16:00:00,17.62,0.0
2024-09-20 16:30:00,17.65,0.0
2024-09-20 17:00:00,17.64,0.0
2024-09-20 17:30:00,17.65,0.0
2024-09-20 18:00:00,17.61,0.0
2024-09-20 19:30:00,17.68,0.0
2024-09-23 13:30:00,17.75,0.0
2024-09-23 14:00:00,17.79,0.0
2024-09-23 14:30:00,17.77,0.0
2024-09-23 15:00:00,17.73,0.0
2024-09-23 15:30:00,17.79,0.0
2024-09-23 16:00:00,17.75,0.0
2024-09-23 16:30:00,17.75,0.0
2024-09-23 17:00:00,17.75,0.0
2024-09-23 17:30:00,17.78,0.0
2024-09-23 18:30:00,17.77,0.0
2024-09-23 19:00:00,17.76,0.0
2024-09-23 19:30:00,17.73,0.0
2024-09-24 13:30:00,17.84,0.0
2024-09-24 14:00:00,17.69,0.0
2024-09-24 14:30:00,17.74,0.0
2024-09-24 15:00:00,17.81,0.0
2024-09-24 15:30:00,17.82,0.0
2024-09-24 16:00:00,17.82,0.0
2024-09-24 16:30:00,17.83,0.0
2024-09-24 17:00:00,17.83,0.0
2024-09-24 17:30:00,17.88,0.0
2024-09-24 18:00:00,17.85,0.0
2024-09-24 18:30:00,17.86,0.0
2024-09-24 19:00:00,17.88,0.0
2024-09-24 19:30:00,17.89,0.0
2024-09-25 13:30:00,17.92,0.0
2024-09-25 14:00:00,17.91,0.0
2024-09-25 14:30:00,17.92,0.0
2024-09-25 15:00:00,17.91,0.0
2024-09-25 15:30:00,17.89,0.0
2024-09-25 16:00:00,17.88,0.0
2024-09-25 16:30:00,17.88,0.0
2024-09-25 17:00:00,17.89,0.0
2024-09-25 17:30:00,17.85,0.0
2024-09-25 18:00:00,17.87,0.0
2024-09-25 18:30:00,17.88,0.0
2024-09-25 19:00:00,17.875,0.0
2024-09-25 19:30:00,17.85,0.0
2024-09-26 13:30:00,17.78,0.0
2024-09-26 14:00:00,17.77,0.0
2024-09-26 14:30:00,17.7,0.22
2024-09-26 15:00:00,17.73,0.0
2024-09-26 15:30:00,17.75,0.0
2024-09-26 16:00:00,17.75,0.0
2024-09-26 16:30:00,17.74,0.0
2024-09-26 17:00:00,17.72,0.0
2024-09-26 19:00:00,17.8,0.0
2024-09-26 19:30:00,17.8,0.0
2024-09-27 13:30:00,17.87,0.0
2024-09-27 14:00:00,17.86,0.0
2024-09-27 14:30:00,17.89,0.0
2024-09-27 15:00:00,17.87,0.0
2024-09-27 15:30:00,17.86,0.0
2024-09-27 16:00:00,17.87,0.0
2024-09-27 17:30:00,17.87,0.0
2024-09-27 18:00:00,17.85,0.0
2024-09-27 18:30:00,17.82,0.0
2024-09-27 19:30:00,17.86,0.0
2024-09-30 13:30:00,17.83,0.0
2024-09-30 14:00:00,17.79,0.0
2024-09-30 14:30:00,17.8,0.0
2024-09-30 15:00:00,17.83,0.0
2024-09-30 15:30:00,17.8,0.0
2024-09-30 16:00:00,17.81,0.0
2024-09-30 16:30:00,17.815,0.0
2024-09-30 17:00:00,17.79,0.0
2024-09-30 17:30:00,17.81,0.0
2024-09-30 18:00:00,17.7,0.0
2024-09-30 18:30:00,17.77,0.0
2024-09-30 19:00:00,17.76,0.0
2024-09-30 19:30:00,17.82,0.0
2024-10-01 13:30:00,17.68,0.0
2024-10-01 14:00:00,17.49,0.0
2024-10-01 14:30:00,17.51,0.0
2024-10-01 15:00:00,17.42,0.0
2024-10-01 15:30:00,17.54,0.0
2024-10-01 16:00:00,17.55,0.0
2024-10-01 16:30:00,17.52,0.0
2024-10-01 17:00:00,17.41,0.0
2024-10-01 17:30:00,17.54,0.0
2024-10-01 18:00:00,17.61,0.0
2024-10-01 18:30:00,17.6,0.0
2024-10-01 19:00:00,17.6,0.0
2024-10-01 19:30:00,17.56,0.0
2024-10-02 13:30:00,17.49,0.0
2024-10-02 14:00:00,17.5,0.0
2024-10-02 14:30:00,17.51,0.0
2024-10-02 15:00:00,17.54,0.0
2024-10-02 15:30:00,17.56,0.0
2024-10-02 16:00:00,17.58,0.0
2024-10-02 16:30:00,17.54,0.0
2024-10-02 17:00:00,17.53,0.0
2024-10-02 17:30:00,17.57,0.0
2024-10-02 18:00:00,17.57,0.0
2024-10-02 18:30:00,17.56,0.0
2024-10-02 19:00:00,17.545,0.0
2024-10-02 19:30:00,17.54,0.0
2024-10-03 13:30:00,17.24,0.0
2024-10-03 14:00:00,17.24,0.0
2024-10-03 14:30:00,17.25,0.21
2024-10-03 15:00:00,17.25,0.0
2024-10-03 15:30:00,17.29,0.0
2024-10-03 16:00:00,17.28,0.0
2024-10-03 16:30:00,17.21,0.0
2024-10-03 17:00:00,17.25,0.0
2024-10-03 17:30:00,17.25,0.0
2024-10-03 18:00:00,17.24,0.0
2024-10-03 18:30:00,17.245,0.0
2024-10-03 19:00:00,17.25,0.0
2024-10-03 19:30:00,17.29,0.0
2024-10-04 13:30:00,17.45,0.0
2024-10-04 14:00:00,17.39,0.0
2024-10-04 14:30:00,17.45,0.0
2024-10-04 15:00:00,17.45,0.0
2024-10-04 15:30:00,17.44,0.0
2024-10-04 16:00:00,17.49,0.0
2024-10-04 16:30:00,17.52,0.0
2024-10-04 17:00:00,17.54,0.0
2024-10-04 17:30:00,17.51,0.0
2024-10-04 18:00:00,17.53,0.0
2024-10-04 18:30:00,17.54,0.0
2024-10-04 19:00:00,17.555,0.0
2024-10-04 19:30:00,17.6,0.0
2024-10-07 13:30:00,17.6,0.0
2024-10-07 14:00:00,17.62,0.0
2024-10-07 14:30:00,17.6,0.0
2024-10-07 15:00:00,17.59,0.0
2024-10-07 15:30:00,17.58,0.0
2024-10-07 16:00:00,17.6,0.0
2024-10-07 16:30:00,17.59,0.0
2024-10-07 17:00:00,17.6,0.0
2024-10-07 17:30:00,17.595,0.0
2024-10-07 18:00:00,17.58,0.0
2024-10-07 18:30:00,17.48,0.0
2024-10-07 19:00:00,17.52,0.0
2024-10-07 19:30:00,17.51,0.0
2024-10-08 13:30:00,17.53,0.0
2024-10-08 14:00:00,17.53,0.0
2024-10-08 14:30:00,17.58,0.0
2024-10-08 15:00:00,17.55,0.0
2024-10-08 15:30:00,17.55,0.0
2024-10-08 16:00:00,17.555,0.0
2024-10-08 16:30:00,17.555,0.0
2024-10-08 17:00:00,17.53,0.0
2024-10-08 17:30:00,17.545,0.0
2024-10-08 18:00:00,17.555,0.0
2024-10-08 18:30:00,17.56,0.0
2024-10-08 19:00:00,17.555,0.0
2024-10-08 19:30:00,17.57,0.0
2024-10-09 13:30:00,17.54,0.0
2024-10-09 14:00:00,17.59,0.0
2024-10-09 14:30:00,17.58,0.0
2024-10-09 15:00:00,17.63,0.0
2024-10-09 15:30:00,17.68,0.0
2024-10-09 16:00:00,17.64,0.0
2024-10-09 16:30:00,17.645,0.0
2024-10-09 17:00:00,17.64,0.0
2024-10-09 17:30:00,17.64,0.0
2024-10-09 18:00:00,17.64,0.0
2024-10-09 18:30:00,17.65,0.0
2024-10-09 19:30:00,17.645,0.0
2024-10-10 13:30:00,17.4,0.0
2024-10-10 14:00:00,17.44,0.0
2024-10-10 14:30:00,17.395,0.2
2024-10-10 15:00:00,17.43,0.0
2024-10-10 15:30:00,17.44,0.0
2024-10-10 16:00:00,17.47,0.0
2024-10-10 16:30:00,17.43,0.0
2024-10-10 17:00:00,17.45,0.0
2024-10-10 17:30:00,17.41,0.0
2024-10-10 18:00:00,17.36,0.0
2024-10-10 18:30:00,17.385,0.0
2024-10-10 19:00:00,17.395,0.0
2024-10-10 19:30:00,17.415,0.0
2024-10-11 13:30:00,17.48,0.0
2024-10-11 14:00:00,17.51,0.0
2024-10-11 14:30:00,17.55,0.0
2024-10-11 15:00:00,17.55,0.0
2024-10-11 15:30:00,17.58,0.0
2024-10-11 16:00:00,17.595,0.0
2024-10-11 16:30:00,17.57,0.0
2024-10-11 17:00:00,17.58,0.0
2024-10-11 17:30:00,17.6,0.0
2024-10-11 18:00:00,17.62,0.0
2024-10-11 18:30:00,17.615,0.0
2024-10-11 19:00:00,17.63,0.0
2024-10-11 19:30:00,17.6,0.0
2024-10-14 13:30:00,17.74,0.0
2024-10-14 14:00:00,17.72,0.0
2024-10-14 14:30:00,17.72,0.0
2024-10-14 15:00:00,17.71,0.0
2024-10-14 15:30:00,17.74,0.0
2024-10-14 16:00:00,17.71,0.0
2024-10-14 16:30:00,17.72,0.0
2024-10-14 17:00:00,17.695,0.0
2024-10-14 17:30:00,17.7,0.0
2024-10-14 18:00:00,17.695,0.0
2024-10-14 18:30:00,17.7,0.0
2024-10-14 19:00:00,17.7,0.0
2024-10-14 19:30:00,17.69,0.0
2024-10-15 13:30:00,17.69,0.0
2024-10-15 14:00:00,17.6,0.0
2024-10-15 14:30:00,17.55,0.0
2024-10-15 15:00:00,17.565,0.0
2024-10-15 15:30:00,17.56,0.0
2024-10-15 16:00:00,17.59,0.0
2024-10-15 16:30:00,17.57,0.0
2024-10-15 17:00:00,17.54,0.0
2024-10-15 17:30:00,17.56,0.0
2024-10-15 18:00:00,17.585,0.0
2024-10-15 18:30:00,17.56,0.0
2024-10-15 19:00:00,17.54,0.0
2024-10-15 19:30:00,17.51,0.0
2024-10-16 13:30:00,17.46,0.0
2024-10-16 14:00:00,17.54,0.0
2024-10-16 14:30:00,17.54,0.0
2024-10-16 15:00:00,17.55,0.0
2024-10-16 15:30:00,17.57,0.0
2024-10-16 16:00:00,17.56,0.0
2024-10-16 17:00:00,17.57,0.0
2024-10-16 17:30:00,17.58,0.0
2024-10-16 18:00:00,17.59,0.0
2024-10-16 18:30:00,17.59,0.0
2024-10-16 19:00:00,17.605,0.0
2024-10-16 19:30:00,17.585,0.0
2024-10-17 13:30:00,17.38,0.0
2024-10-17 14:00:00,17.32,0.0
2024-10-17 14:30:00,17.33,0.18
2024-10-17 15:00:00,17.35,0.0
2024-10-17 15:30:00,17.39,0.0
2024-10-17 16:00:00,17.405,0.0
2024-10-17 16:30:00,17.39,0.0
2024-10-17 17:30:00,17.385,0.0
2024-10-17 18:00:00,17.34,0.0
2024-10-17 18:30:00,17.34,0.0
2024-10-17 19:00:00,17.33,0.0
2024-10-17 19:30:00,17.33,0.0
2024-10-18 13:30:00,17.5,0.0
2024-10-18 14:00:00,17.51,0.0
2024-10-18 14:30:00,17.53,0.0
2024-10-18 15:00:00,17.52,0.0
2024-10-18 15:30:00,17.54,0.0
2024-10-18 16:00:00,17.535,0.0
2024-10-18 16:30:00,17.56,0.0
2024-10-18 17:00:00,17.555,0.0
2024-10-18 18:00:00,17.58,0.0
2024-10-18 18:30:00,17.58,0.0
2024-10-18 19:00:00,17.59,0.0
2024-10-18 19:30:00,17.58,0.0
2024-10-21 13:30:00,17.56,0.0
2024-10-21 14:00:00,17.57,0.0
2024-10-21 14:30:00,17.53,0.0
2024-10-21 15:00:00,17.47,0.0
2024-10-21 15:30:00,17.52,0.0
2024-10-21 16:00:00,17.53,0.0
2024-10-21 16:30:00,17.545,0.0
2024-10-21 17:00:00,17.56,0.0
2024-10-21 17:30:00,17.575,0.0
2024-10-21 18:00:00,17.56,0.0
2024-10-21 18:30:00,17.565,0.0
2024-10-21 19:00:00,17.575,0.0
2024-10-21 19:30:00,17.61,0.0
2024-10-22 13:30:00,17.54,0.0
2024-10-22 14:00:00,17.55,0.0
2024-10-22 14:30:00,17.585,0.0
2024-10-22 15:00:00,17.54,0.0
2024-10-22 15:30:00,17.555,0.0
2024-10-22 16:00:00,17.51,0.0
2024-10-22 16:30:00,17.535,0.0
2024-10-22 17:00:00,17.545,0.0
2024-10-22 17:30:00,17.575,0.0
2024-10-22 18:00:00,17.56,0.0
2024-10-22 18:30:00,17.555,0.0
2024-10-22 19:00:00,17.575,0.0
2024-10-22 19:30:00,17.56,0.0
2024-10-23 13:30:00,17.525,0.0
2024-10-23 14:00:00,17.48,0.0
2024-10-23 14:30:00,17.465,0.0
2024-10-23 15:00:00,17.41,0.0
2024-10-23 15:30:00,17.45,0.0
2024-10-23 16:00:00,17.39,0.0
2024-10-23 16:30:00,17.37,0.0
2024-10-23 17:00:00,17.305,0.0
2024-10-23 17:30:00,17.24,0.0
2024-10-23 18:00:00,17.24,0.0
2024-10-23 18:30:00,17.28,0.0
2024-10-23 19:00:00,17.305,0.0
2024-10-23 19:30:00,17.31,0.0
2024-10-24 13:30:00,17.285,0.0
2024-10-24 14:00:00,17.25,0.0
2024-10-24 14:30:00,17.235,0.23
2024-10-24 15:00:00,17.245,0.0
2024-10-24 15:30:00,17.225,0.0
2024-10-24 16:00:00,17.18,0.0
2024-10-24 16:30:00,17.235,0.0
2024-10-24 17:00:00,17.24,0.0
2024-10-24 17:30:00,17.255,0.0
2024-10-24 18:00:00,17.27,0.0
2024-10-24 18:30:00,17.28,0.0
2024-10-24 19:00:00,17.305,0.0
2024-10-24 19:30:00,17.315,0.0
2024-10-25 13:30:00,17.47,0.0
2024-10-25 14:00:00,17.49,0.0
2024-10-25 14:30:00,17.465,0.0
2024-10-25 15:00:00,17.47,0.0
2024-10-25 15:30:00,17.45,0.0
2024-10-25 16:00:00,17.46,0.0
2024-10-25 16:30:00,17.465,0.0
2024-10-25 17:00:00,17.43,0.0
2024-10-25 17:30:00,17.38,0.0
2024-10-25 18:00:00,17.395,0.0
2024-10-25 18:30:00,17.39,0.0
2024-10-25 19:00:00,17.365,0.0
2024-10-25 19:30:00,17.35,0.0
2024-10-28 13:30:00,17.505,0.0
2024-10-28 14:00:00,17.54,0.0
2024-10-28 14:30:00,17.535,0.0
2024-10-28 15:00:00,17.52,0.0
2024-10-28 15:30:00,17.52,0.0
2024-10-28 16:00:00,17.545,0.0
2024-10-28 16:30:00,17.545,0.0
2024-10-28 17:00:00,17.53,0.0
2024-10-28 17:30:00,17.55,0.0
2024-10-28 18:00:00,17.54,0.0
2024-10-28 18:30:00,17.55,0.0
2024-10-28 19:00:00,17.55,0.0
2024-10-28 19:30:00,17.545,0.0
2024-10-29 13:30:00,17.6,0.0
2024-10-29 14:00:00,17.58,0.0
2024-10-29 14:30:00,17.6,0.0
2024-10-29 15:00:00,17.605,0.0
2024-10-29 15:30:00,17.635,0.0
2024-10-29 16:00:00,17.615,0.0
2024-10-29 16:30:00,17.635,0.0
2024-10-29 17:00:00,17.65,0.0
2024-10-29 17:30:00,17.645,0.0
2024-10-29 18:00:00,17.655,0.0
2024-10-29 18:30:00,17.665,0.0
2024-10-29 19:00:00,17.655,0.0
2024-10-29 19:30:00,17.65,0.0
2024-10-30 13:30:00,17.59,0.0
2024-10-30 14:00:00,17.645,0.0
2024-10-30 14:30:00,17.61,0.0
2024-10-30 15:00:00,17.625,0.0
2024-10-30 15:30:00,17.64,0.0
2024-10-30 16:00:00,17.615,0.0
2024-10-30 16:30:00,17.615,0.0
2024-10-30 17:00:00,17.6,0.0
2024-10-30 17:30:00,17.565,0.0
2024-10-30 18:00:00,17.585,0.0
2024-10-30 18:30:00,17.585,0.0
2024-10-30 19:00:00,17.545,0.0
2024-10-30 19:30:00,17.505,0.0
2024-10-31 13:30:00,17.03,0.0
2024-10-31 14:00:00,17.035,0.0
2024-10-31 14:30:00,16.975,0.23
2024-10-31 15:00:00,16.985,0.0
2024-10-31 15:30:00,16.965,0.0
2024-10-31 16:00:00,16.975,0.0
2024-10-31 16:30:00,16.99,0.0
2024-10-31 17:00:00,16.985,0.0
2024-10-31 17:30:00,16.955,0.0
2024-10-31 18:00:00,16.93,0.0
2024-10-31 18:30:00,16.925,0.0
2024-10-31 19:00:00,16.965,0.0
2024-10-31 19:30:00,16.93,0.0
2024-11-01 13:30:00,17.035,0.0
2024-11-01 14:00:00,17.1,0.0
2024-11-01 14:30:00,17.105,0.0
2024-11-01 15:00:00,17.12,0.0
2024-11-01 15:30:00,17.035,0.0
2024-11-01 16:00:00,17.055,0.0
2024-11-01 16:30:00,17.01,0.0
2024-11-01 17:00:00,17.045,0.0
2024-11-01 17:30:00,16.995,0.0
2024-11-01 18:00:00,16.96,0.0
2024-11-01 18:30:00,16.955,0.0
2024-11-01 19:00:00,16.955,0.0
2024-11-01 19:30:00,16.935,0.0
2024-11-04 14:30:00,16.93,0.0
2024-11-04 15:00:00,16.99,0.0
2024-11-04 15:30:00,17.0,0.0
2024-11-04 16:00:00,16.95,0.0
2024-11-04 16:30:00,16.87,0.0
2024-11-04 17:00:00,16.905,0.0
2024-11-04 17:30:00,16.945,0.0
2024-11-04 18:00:00,16.955,0.0
2024-11-04 18:30:00,16.96,0.0
2024-11-04 19:00:00,16.95,0.0
2024-11-04 19:30:00,16.945,0.0
2024-11-04 20:00:00,16.93,0.0
2024-11-04 20:30:00,16.905,0.0
2024-11-05 14:30:00,17.08,0.0
2024-11-05 15:30:00,17.1,0.0
2024-11-05 16:00:00,17.14,0.0
2024-11-05 16:30:00,17.15,0.0
2024-11-05 17:00:00,17.15,0.0
2024-11-05 17:30:00,17.15,0.0
2024-11-05 18:00:00,17.14,0.0
2024-11-05 18:30:00,17.135,0.0
2024-11-05 19:00:00,17.135,0.0
2024-11-05 19:30:00,17.09,0.0
2024-11-05 20:00:00,17.115,0.0
2024-11-05 20:30:00,17.11,0.0
2024-11-06 14:30:00,17.41,0.0
2024-11-06 15:00:00,17.43,0.0
2024-11-06 15:30:00,17.535,0.0
2024-11-06 16:00:00,17.54,0.0
2024-11-06 16:30:00,17.565,0.0
2024-11-06 17:00:00,17.575,0.0
2024-11-06 17:30:00,17.58,0.0
2024-11-06 18:00:00,17.66,0.0
2024-11-06 18:30:00,17.66,0.0
2024-11-06 19:00:00,17.66,0.0
2024-11-06 19:30:00,17.665,0.0
2024-11-06 20:00:00,17.67,0.0
2024-11-06 20:30:00,17.685,0.0
2024-11-07 14:30:00,17.69,0.12
2024-11-07 15:00:00,17.705,0.0
2024-11-07 15:30:00,17.71,0.0
2024-11-07 16:00:00,17.73,0.0
2024-11-07 16:30:00,17.74,0.0
2024-11-07 17:00:00,17.75,0.0
2024-11-07 18:00:00,17.74,0.0
2024-11-07 18:30:00,17.73,0.0
2024-11-07 19:00:00,17.73,0.0
2024-11-07 19:30:00,17.73,0.0
2024-11-07 20:00:00,17.76,0.0
2024-11-07 20:30:00,17.72,0.0
2024-11-08 14:30:00,17.66,0.0
2024-11-08 15:00:00,17.665,0.0
2024-11-08 15:30:00,17.66,0.0
2024-11-08 16:00:00,17.65,0.0
2024-11-08 16:30:00,17.62,0.0
2024-11-08 17:00:00,17.615,0.0
2024-11-08 17:30:00,17.645,0.0
2024-11-08 18:00:00,17.655,0.0
2024-11-08 19:00:00,17.695,0.0
2024-11-08 19:30:00,17.705,0.0
2024-11-08 20:00:00,17.68,0.0
2024-11-08 20:30:00,17.695,0.0
2024-11-11 14:30:00,17.97,0.0
2024-11-11 15:00:00,18.05,0.0
2024-11-11 15:30:00,18.06,0.0
2024-11-11 16:00:00,18.08,0.0
2024-11-11 16:30:00,18.05,0.0
2024-11-11 17:00:00,18.08,0.0
2024-11-11 17:30:00,18.07,0.0
2024-11-11 18:00:00,17.99,0.0
2024-11-11 18:30:00,18.09,0.0
2024-11-11 19:00:00,18.08,0.0
2024-11-11 19:30:00,18.07,0.0
2024-11-11 20:00:00,18.09,0.0
2024-11-11 20:30:00,18.115,0.0
2024-11-12 14:30:00,18.12,0.0
2024-11-12 15:00:00,18.09,0.0
2024-11-12 15:30:00,18.045,0.0
2024-11-12 16:00:00,18.01,0.0
2024-11-12 16:30:00,18.02,0.0
2024-11-12 17:00:00,18.02,0.0
2024-11-12 17:30:00,17.94,0.0
2024-11-12 18:00:00,17.98,0.0
2024-11-12 18:30:00,18.07,0.0
2024-11-12 19:30:00,18.09,0.0
2024-11-12 20:00:00,18.07,0.0
2024-11-12 20:30:00,18.09,0.0
2024-11-13 14:30:00,18.19,0.0
2024-11-13 15:00:00,18.12,0.0
2024-11-13 15:30:00,18.1,0.0
2024-11-13 16:00:00,18.16,0.0
2024-11-13 16:30:00,18.1,0.0
2024-11-13 17:00:00,18.13,0.0
2024-11-13 17:30:00,18.11,0.0
2024-11-13 18:00:00,18.11,0.0
2024-11-13 18:30:00,18.115,0.0
2024-11-13 19:00:00,18.0,0.0
2024-11-13 19:30:00,17.925,0.0
2024-11-13 20:00:00,17.93,0.0
2024-11-13 20:30:00,17.91,0.0
2024-11-14 14:30:00,17.75,0.15
2024-11-14 15:00:00,17.72,0.0
2024-11-14 15:30:00,17.69,0.0
2024-11-14 16:00:00,17.73,0.0
2024-11-14 16:30:00,17.75,0.0
2024-11-14 17:00:00,17.71,0.0
2024-11-14 17:30:00,17.68,0.0
2024-11-14 18:00:00,17.75,0.0
2024-11-14 18:30:00,17.7,0.0
2024-11-14 19:00:00,17.72,0.0
2024-11-14 19:30:00,17.73,0.0
2024-11-14 20:00:00,17.69,0.0
2024-11-14 20:30:00,17.615,0.0
2024-11-15 14:30:00,17.54,0.0
2024-11-15 15:00:00,17.42,0.0
2024-11-15 15:30:00,17.46,0.0
2024-11-15 16:00:00,17.52,0.0
2024-11-15 16:30:00,17.5,0.0
2024-11-15 17:00:00,17.5,0.0
2024-11-15 17:30:00,17.48,0.0
2024-11-15 18:00:00,17.49,0.0
2024-11-15 18:30:00,17.45,0.0
2024-11-15 19:00:00,17.47,0.0
2024-11-15 19:30:00,17.52,0.0
2024-11-15 20:00:00,17.56,0.0
2024-11-15 20:30:00,17.57,0.0
2024-11-18 14:30:00,17.66,0.0
2024-11-18 15:00:00,17.76,0.0
2024-11-18 15:30:00,17.83,0.0
2024-11-18 16:00:00,17.835,0.0
2024-11-18 16:30:00,17.82,0.0
2024-11-18 17:00:00,17.835,0.0
2024-11-18 17:30:00,17.81,0.0
2024-11-18 18:00:00,17.82,0.0
2024-11-18 18:30:00,17.78,0.0
2024-11-18 19:00:00,17.735,0.0
2024-11-18 19:30:00,17.815,0.0
2024-11-18 20:00:00,17.87,0.0
2024-11-18 20:30:00,17.875,0.0
2024-11-19 14:30:00,18.025,0.0
2024-11-19 15:00:00,18.0,0.0
2024-11-19 15:30:00,18.09,0.0
2024-11-19 16:00:00,18.13,0.0
2024-11-19 16:30:00,18.14,0.0
2024-11-19 17:00:00,18.175,0.0
2024-11-19 17:30:00,18.17,0.0
2024-11-19 18:00:00,18.17,0.0
2024-11-19 18:30:00,18.21,0.0
2024-11-19 19:00:00,18.2,0.0
2024-11-19 19:30:00,18.19,0.0
2024-11-19 20:00:00,18.2,0.0
2024-11-19 20:30:00,18.22,0.0
2024-11-20 14:30:00,18.16,0.0
2024-11-20 15:00:00,18.1,0.0
2024-11-20 15:30:00,18.195,0.0
2024-11-20 16:00:00,18.08,0.0
2024-11-20 16:30:00,18.18,0.0
2024-11-20 17:00:00,18.115,0.0
2024-11-20 17:30:00,18.16,0.0
2024-11-20 18:00:00,18.15,0.0
2024-11-20 18:30:00,18.1,0.0
2024-11-20 19:00:00,18.08,0.0
2024-11-20 19:30:00,18.11,0.0
2024-11-20 20:00:00,18.165,0.0
2024-11-20 20:30:00,18.18,0.0
2024-11-21 14:30:00,18.15,0.24
2024-11-21 15:00:00,17.96,0.0
2024-11-21 15:30:00,18.1,0.0
2024-11-21 16:00:00,18.215,0.0
2024-11-21 16:30:00,18.16,0.0
2024-11-21 17:00:00,18.18,0.0
2024-11-21 17:30:00,18.25,0.0
2024-11-21 18:00:00,18.25,0.0
2024-11-21 18:30:00,18.23,0.0
2024-11-21 19:00:00,18.205,0.0
2024-11-21 19:30:00,18.14,0.0
2024-11-21 20:00:00,18.15,0.0
2024-11-21 20:30:00,18.11,0.0
2024-11-22 14:30:00,18.26,0.0
2024-11-22 15:00:00,18.24,0.0
2024-11-22 15:30:00,18.33,0.0
2024-11-22 16:00:00,18.3,0.0
2024-11-22 16:30:00,18.32,0.0
2024-11-22 17:00:00,18.34,0.0
2024-11-22 17:30:00,18.35,0.0
2024-11-22 18:00:00,18.34,0.0
2024-11-22 18:30:00,18.355,0.0
2024-11-22 19:00:00,18.345,0.0
2024-11-22 19:30:00,18.37,0.0
2024-11-22 20:00:00,18.35,0.0
2024-11-22 20:30:00,18.33,0.0
2024-11-25 14:30:00,18.43,0.0
2024-11-25 15:00:00,18.47,0.0
2024-11-25 15:30:00,18.48,0.0
2024-11-25 16:00:00,18.47,0.0
2024-11-25 16:30:00,18.45,0.0
2024-11-25 17:00:00,18.38,0.0
2024-11-25 17:30:00,18.4,0.0
2024-11-25 18:00:00,18.405,0.0
2024-11-25 18:30:00,18.385,0.0
2024-11-25 19:00:00,18.38,0.0
2024-11-25 19:30:00,18.4,0.0
2024-11-25 20:00:00,18.4,0.0
2024-11-25 20:30:00,18.4,0.0
2024-11-26 14:30:00,18.37,0.0
2024-11-26 15:00:00,18.34,0.0
2024-11-26 15:30:00,18.32,0.0
2024-11-26 16:00:00,18.34,0.0
2024-11-26 16:30:00,18.37,0.0
2024-11-26 17:00:00,18.365,0.0
2024-11-26 17:30:00,18.365,0.0
2024-11-26 18:00:00,18.31,0.0
2024-11-26 18:30:00,18.29,0.0
2024-11-26 19:00:00,18.23,0.0
2024-11-26 19:30:00,18.2,0.0
2024-11-26 20:00:00,18.2,0.0
2024-11-26 20:30:00,18.21,0.0
2024-11-27 14:30:00,18.375,0.0
2024-11-27 15:00:00,18.25,0.0
2024-11-27 15:30:00,18.24,0.0
2024-11-27 16:00:00,18.215,0.0
2024-11-27 16:30:00,18.225,0.0
2024-11-27 17:00:00,18.22,0.0
2024-11-27 17:30:00,18.255,0.0
2024-11-27 18:00:00,18.265,0.0
2024-11-27 18:30:00,18.31,0.0
2024-11-27 19:00:00,18.315,0.0
2024-11-27 19:30:00,18.325,0.0
2024-11-27 20:00:00,18.34,0.0
2024-11-27 20:30:00,18.34,0.0
2024-11-29 14:30:00,18.145,0.31
2024-11-29 15:00:00,18.145,0.0
2024-11-29 15:30:00,18.165,0.0
2024-11-29 16:00:00,18.165,0.0
2024-11-29 16:30:00,18.145,0.0
2024-11-29 17:00:00,18.115,0.0
2024-11-29 17:30:00,18.11,0.0
2024-11-29 18:00:00,18.12,0.0
2024-11-29 18:30:00,18.13,0.0
2024-11-29 19:00:00,18.16,0.0
2024-11-29 19:30:00,18.19,0.0
2024-11-29 20:00:00,18.19,0.0
2024-11-29 20:30:00,18.17,0.0
2024-12-02 14:30:00,18.275,0.0
2024-12-02 15:00:00,18.35,0.0
2024-12-02 15:30:00,18.31,0.0
2024-12-02 16:00:00,18.325,0.0
2024-12-02 16:30:00,18.355,0.0
2024-12-02 17:00:00,18.36,0.0
2024-12-02 17:30:00,18.31,0.0
2024-12-02 18:00:00,18.325,0.0
2024-12-02 18:30:00,18.325,0.0
2024-12-02 19:00:00,18.31,0.0
2024-12-02 19:30:00,18.345,0.0
2024-12-02 20:00:00,18.375,0.0
2024-12-02 20:30:00,18.34,0.0
2024-12-03 14:30:00,18.4,0.0
2024-12-03 15:00:00,18.39,0.0
2024-12-03 15:30:00,18.345,0.0
2024-12-03 16:00:00,18.41,0.0
2024-12-03 16:30:00,18.385,0.0
2024-12-03 17:00:00,18.38,0.0
2024-12-03 17:30:00,18.4,0.0
2024-12-03 18:00:00,18.42,0.0
2024-12-03 18:30:00,18.395,0.0
2024-12-03 19:00:00,18.41,0.0
2024-12-03 19:30:00,18.415,0.0
2024-12-03 20:00:00,18.4,0.0
2024-12-03 20:30:00,18.41,0.0
2024-12-04 14:30:00,18.53,0.0
2024-12-04 15:00:00,18.515,0.0
2024-12-04 15:30:00,18.53,0.0
2024-12-04 16:00:00,18.51,0.0
2024-12-04 16:30:00,18.53,0.0
2024-12-04 17:00:00,18.54,0.0
2024-12-04 17:30:00,18.545,0.0
2024-12-04 18:00:00,18.53,0.0
2024-12-04 18:30:00,18.535,0.0
2024-12-04 19:00:00,18.54,0.0
2024-12-04 19:30:00,18.59,0.0
2024-12-04 20:00:00,18.62,0.0
2024-12-04 20:30:00,18.64,0.0
2024-12-05 14:30:00,18.5,0.24
2024-12-05 15:00:00,18.47,0.0
2024-12-05 15:30:00,18.415,0.0
2024-12-05 16:00:00,18.48,0.0
2024-12-05 16:30:00,18.485,0.0
2024-12-05 17:00:00,18.485,0.0
2024-12-05 17:30:00,18.485,0.0
2024-12-05 18:00:00,18.43,0.0
2024-12-05 18:30:00,18.4,0.0
2024-12-05 19:00:00,18.42,0.0
2024-12-05 19:30:00,18.405,0.0
2024-12-05 20:00:00,18.37,0.0
2024-12-05 20:30:00,18.355,0.0
2024-12-06 14:30:00,18.535,0.0
2024-12-06 15:00:00,18.565,0.0
2024-12-06 15:30:00,18.57,0.0
2024-12-06 16:00:00,18.545,0.0
2024-12-06 16:30:00,18.565,0.0
2024-12-06 17:00:00,18.575,0.0
2024-12-06 17:30:00,18.605,0.0
2024-12-06 18:00:00,18.625,0.0
2024-12-06 18:30:00,18.615,0.0
2024-12-06 19:00:00,18.615,0.0
2024-12-06 19:30:00,18.63,0.0
2024-12-06 20:00:00,18.62,0.0
2024-12-06 20:30:00,18.635,0.0
2024-12-09 14:30:00,18.735,0.0
2024-12-09 15:00:00,18.58,0.0
2024-12-09 15:30:00,18.55,0.0
2024-12-09 16:00:00,18.575,0.0
2024-12-09 16:30:00,18.575,0.0
2024-12-09 17:00:00,18.59,0.0
2024-12-09 17:30:00,18.565,0.0
2024-12-09 18:00:00,18.595,0.0
2024-12-09 18:30:00,18.62,0.0
2024-12-09 19:00:00,18.575,0.0
2024-12-09 19:30:00,18.545,0.0
2024-12-09 20:00:00,18.47,0.0
2024-12-09 20:30:00,18.475,0.0
2024-12-10 14:30:00,18.455,0.0
2024-12-10 15:00:00,18.435,0.0
2024-12-10 15:30:00,18.365,0.0
2024-12-10 16:00:00,18.37,0.0
2024-12-10 16:30:00,18.41,0.0
2024-12-10 17:00:00,18.375,0.0
2024-12-10 17:30:00,18.4,0.0
2024-12-10 18:00:00,18.365,0.0
2024-12-10 18:30:00,18.345,0.0
2024-12-10 19:00:00,18.385,0.0
2024-12-10 19:30:00,18.295,0.0
2024-12-10 20:00:00,18.285,0.0
2024-12-10 20:30:00,18.275,0.0
2024-12-11 14:30:00,18.335,0.0
2024-12-11 15:00:00,18.34,0.0
2024-12-11 15:30:00,18.335,0.0
2024-12-11 16:00:00,18.365,0.0
2024-12-11 16:30:00,18.395,0.0
2024-12-11 17:00:00,18.405,0.0
2024-12-11 17:30:00,18.375,0.0
2024-12-11 18:00:00,18.415,0.0
2024-12-11 18:30:00,18.435,0.0
2024-12-11 19:00:00,18.44,0.0
2024-12-11 19:30:00,18.47,0.0
2024-12-11 20:00:00,18.475,0.0
2024-12-11 20:30:00,18.455,0.0
2024-12-12 14:30:00,18.27,0.12
2024-12-12 15:00:00,18.32,0.0
2024-12-12 15:30:00,18.335,0.0
2024-12-12 16:00:00,18.305,0.0
2024-12-12 16:30:00,18.275,0.0
2024-12-12 17:00:00,18.27,0.0
2024-12-12 17:30:00,18.285,0.0
2024-12-12 18:00:00,18.305,0.0
2024-12-12 18:30:00,18.285,0.0
2024-12-12 19:00:00,18.22,0.0
2024-12-12 19:30:00,18.235,0.0
2024-12-12 20:00:00,18.195,0.0
2024-12-12 20:30:00,18.22,0.0
2024-12-13 14:30:00,18.21,0.0
2024-12-13 15:00:00,18.15,0.0
2024-12-13 15:30:00,18.04,0.0
2024-12-13 16:00:00,18.09,0.0
2024-12-13 16:30:00,18.125,0.0
2024-12-13 17:00:00,18.125,0.0
2024-12-13 17:30:00,18.115,0.0
2024-12-13 18:00:00,18.145,0.0
2024-12-13 18:30:00,18.135,0.0
2024-12-13 19:00:00,18.145,0.0
2024-12-13 19:30:00,18.14,0.0
2024-12-13 20:00:00,18.155,0.0
2024-12-13 20:30:00,18.16,0.0
2024-12-16 14:30:00,18.19,0.0
2024-12-16 15:00:00,18.26,0.0
2024-12-16 15:30:00,18.24,0.0
2024-12-16 16:00:00,18.24,0.0
2024-12-16 16:30:00,18.25,0.0
2024-12-16 17:00:00,18.26,0.0
2024-12-16 17:30:00,18.265,0.0
2024-12-16 18:00:00,18.3,0.0
2024-12-16 18:30:00,18.28,0.0
2024-12-16 19:00:00,18.28,0.0
2024-12-16 19:30:00,18.295,0.0
2024-12-16 20:00:00,18.28,0.0
2024-12-16 20:30:00,18.285,0.0
2024-12-17 14:30:00,18.27,0.0
2024-12-17 15:00:00,18.2,0.0
2024-12-17 15:30:00,18.24,0.0
2024-12-17 16:00:00,18.255,0.0
2024-12-17 16:30:00,18.25,0.0
2024-12-17 17:00:00,18.255,0.0
2024-12-17 17:30:00,18.3,0.0
2024-12-17 18:00:00,18.28,0.0
2024-12-17 18:30:00,18.265,0.0
2024-12-17 19:00:00,18.275,0.0
2024-12-17 19:30:00,18.265,0.0
2024-12-17 20:00:00,18.24,0.0
2024-12-17 20:30:00,18.255,0.0
2024-12-18 14:30:00,18.19,0.0
2024-12-18 15:00:00,18.18,0.0
2024-12-18 15:30:00,18.245,0.0
2024-12-18 16:00:00,18.24,0.0
2024-12-18 16:30:00,18.27,0.0
2024-12-18 17:00:00,18.29,0.0
2024-12-18 17:30:00,18.28,0.0
2024-12-18 18:00:00,18.3,0.0
2024-12-18 18:30:00,18.28,0.0
2024-12-18 19:00:00,18.14,0.0
2024-12-18 19:30:00,17.94,0.0
2024-12-18 20:00:00,17.68,0.0
2024-12-18 20:30:00,17.47,0.0
2024-12-19 14:30:00,17.49,0.14
2024-12-19 15:00:00,17.33,0.0
2024-12-19 15:30:00,17.38,0.0
2024-12-19 16:00:00,17.43,0.0
2024-12-19 16:30:00,17.42,0.0
2024-12-19 17:00:00,17.27,0.0
2024-12-19 17:30:00,17.29,0.0
2024-12-19 18:00:00,17.28,0.0
2024-12-19 18:30:00,17.37,0.0
2024-12-19 19:00:00,17.35,0.0
2024-12-19 19:30:00,17.335,0.0
2024-12-19 20:00:00,17.35,0.0
2024-12-19 20:30:00,17.28,0.0
2024-12-20 14:30:00,17.2,0.0
2024-12-20 15:00:00,17.415,0.0
2024-12-20 15:30:00,17.465,0.0
2024-12-20 16:00:00,17.56,0.0
2024-12-20 16:30:00,17.585,0.0
2024-12-20 17:00:00,17.61,0.0
2024-12-20 17:30:00,17.58,0.0
2024-12-20 18:00:00,17.53,0.0
2024-12-20 18:30:00,17.53,0.0
2024-12-20 19:00:00,17.55,0.0
2024-12-20 19:30:00,17.56,0.0
2024-12-20 20:00:00,17.535,0.0
2024-12-20 20:30:00,17.495,0.0
2024-12-23 14:30:00,17.46,0.0
2024-12-23 15:00:00,17.4,0.0
2024-12-23 15:30:00,17.42,0.0
2024-12-23 16:00:00,17.465,0.0
2024-12-23 16:30:00,17.525,0.0
2024-12-23 17:00:00,17.5,0.0
2024-12-23 17:30:00,17.53,0.0
2024-12-23 18:00:00,17.52,0.0
2024-12-23 18:30:00,17.515,0.0
2024-12-23 19:00:00,17.525,0.0
2024-12-23 19:30:00,17.5,0.0
2024-12-23 20:00:00,17.475,0.0
2024-12-23 20:30:00,17.515,0.0
2024-12-24 14:30:00,17.68,0.0
2024-12-24 15:00:00,17.71,0.0
2024-12-24 15:30:00,17.74,0.0
2024-12-24 16:00:00,17.77,0.0
2024-12-24 16:30:00,17.78,0.0
2024-12-24 17:00:00,17.78,0.0
2024-12-24 17:30:00,17.805,0.0
2024-12-26 14:30:00,17.74,0.0
2024-12-26 15:00:00,17.8,0.0
2024-12-26 15:30:00,17.805,0.0
2024-12-26 16:00:00,17.785,0.0
2024-12-26 16:30:00,17.825,0.0
2024-12-26 17:00:00,17.805,0.0
2024-12-26 17:30:00,17.775,0.0
2024-12-26 18:00:00,17.805,0.0
2024-12-26 18:30:00,17.79,0.0
2024-12-26 19:00:00,17.785,0.0
2024-12-26 19:30:00,17.805,0.0
2024-12-26 20:00:00,17.815,0.0
2024-12-26 20:30:00,17.79,0.0
2024-12-27 14:30:00,17.36,0.25
2024-12-27 15:00:00,17.165,0.0
2024-12-27 15:30:00,17.27,0.0
2024-12-27 16:00:00,17.28,0.0
2024-12-27 16:30:00,17.22,0.0
2024-12-27 17:00:00,17.195,0.0
2024-12-27 17:30:00,17.215,0.0
2024-12-27 18:00:00,17.245,0.0
2024-12-27 18:30:00,17.295,0.0
2024-12-27 19:00:00,17.26,0.0
2024-12-27 19:30:00,17.315,0.0
2024-12-27 20:00:00,17.285,0.0
2024-12-27 20:30:00,17.285,0.0
2024-12-30 14:30:00,16.93,0.0
2024-12-30 15:00:00,16.91,0.0
2024-12-30 15:30:00,17.005,0.0
2024-12-30 16:00:00,17.015,0.0
2024-12-30 16:30:00,17.045,0.0
2024-12-30 17:00:00,17.065,0.0
2024-12-30 17:30:00,17.135,0.0
2024-12-30 18:00:00,17.135,0.0
2024-12-30 18:30:00,17.16,0.0
2024-12-30 19:00:00,17.11,0.0
2024-12-30 19:30:00,17.11,0.0
2024-12-30 20:00:00,17.12,0.0
2024-12-30 20:30:00,17.04,0.0
2024-12-31 14:30:00,17.115,0.0
2024-12-31 15:00:00,17.12,0.0
2024-12-31 15:30:00,17.08,0.0
2024-12-31 16:00:00,17.015,0.0
2024-12-31 16:30:00,17.035,0.0
2024-12-31 17:00:00,16.97,0.0
2024-12-31 17:30:00,16.995,0.0
2024-12-31 18:00:00,16.95,0.0
2024-12-31 18:30:00,16.945,0.0
2024-12-31 19:00:00,16.915,0.0
2024-12-31 19:30:00,16.96,0.0
2024-12-31 20:00:00,16.965,0.0
2024-12-31 20:30:00,16.93,0.0
2025-01-02 14:30:00,17.14,0.0
2025-01-02 15:00:00,17.075,0.0
2025-01-02 15:30:00,17.06,0.0
2025-01-02 16:00:00,17.085,0.0
2025-01-02 16:30:00,17.09,0.0
2025-01-02 17:00:00,17.0,0.0
2025-01-02 17:30:00,16.95,0.0
2025-01-02 18:00:00,16.93,0.0
2025-01-02 18:30:00,16.935,0.0
2025-01-02 19:00:00,16.98,0.0
2025-01-02 19:30:00,16.97,0.0
2025-01-02 20:00:00,17.025,0.0
2025-01-02 20:30:00,17.03,0.0
2025-01-03 14:30:00,17.01,0.18
2025-01-03 15:00:00,16.98,0.0
2025-01-03 15:30:00,17.075,0.0
2025-01-03 16:00:00,17.1,0.0
2025-01-03 16:30:00,17.12,0.0
2025-01-03 17:00:00,17.13,0.0
2025-01-03 17:30:00,17.12,0.0
2025-01-03 18:00:00,17.145,0.0
2025-01-03 18:30:00,17.18,0.0
2025-01-03 19:00:00,17.195,0.0
2025-01-03 19:30:00,17.21,0.0
2025-01-03 20:00:00,17.215,0.0
2025-01-03 20:30:00,17.22,0.0
2025-01-06 14:30:00,17.44,0.0
2025-01-06 15:00:00,17.485,0.0
2025-01-06 15:30:00,17.485,0.0
2025-01-06 16:00:00,17.495,0.0
2025-01-06 16:30:00,17.485,0.0
2025-01-06 17:00:00,17.45,0.0
2025-01-06 17:30:00,17.455,0.0
2025-01-06 18:00:00,17.485,0.0
2025-01-06 18:30:00,17.435,0.0
2025-01-06 19:00:00,17.435,0.0
2025-01-06 19:30:00,17.4,0.0
2025-01-06 20:00:00,17.445,0.0
2025-01-06 20:30:00,17.43,0.0
2025-01-07 14:30:00,17.395,0.0
2025-01-07 15:00:00,17.28,0.0
2025-01-07 15:30:00,17.255,0.0
2025-01-07 16:00:00,17.28,0.0
2025-01-07 16:30:00,17.185,0.0
2025-01-07 17:00:00,17.175,0.0
2025-01-07 17:30:00,17.165,0.0
2025-01-07 18:00:00,17.22,0.0
2025-01-07 18:30:00,17.155,0.0
2025-01-07 19:00:00,17.165,0.0
2025-01-07 19:30:00,17.125,0.0
2025-01-07 20:00:00,17.045,0.0
2025-01-07 20:30:00,17.075,0.0
2025-01-08 14:30:00,16.77,0.14
2025-01-08 15:00:00,16.7,0.0
2025-01-08 15:30:00,16.75,0.0
2025-01-08 16:00:00,16.7,0.0
2025-01-08 16:30:00,16.73,0.0
2025-01-08 17:00:00,16.55,0.0
2025-01-08 17:30:00,16.655,0.0
2025-01-08 18:00:00,16.755,0.0
2025-01-08 18:30:00,16.67,0.0
2025-01-08 19:00:00,16.8,0.0
2025-01-08 19:30:00,16.73,0.0
2025-01-08 20:00:00,16.71,0.0
2025-01-08 20:30:00,16.7,0.0
2025-01-10 14:30:00,16.5,0.0
2025-01-10 15:00:00,16.45,0.0
2025-01-10 15:30:00,16.45,0.0
2025-01-10 16:00:00,16.42,0.0
2025-01-10 16:30:00,16.39,0.0
2025-01-10 17:00:00,16.43,0.0
2025-01-10 17:30:00,16.52,0.0
2025-01-10 18:00:00,16.56,0.0
2025-01-10 18:30:00,16.57,0.0
2025-01-10 19:00:00,16.53,0.0
2025-01-10 19:30:00,16.525,0.0
2025-01-10 20:00:00,16.48,0.0
2025-01-10 20:30:00,16.47,0.0
2025-01-13 14:30:00,16.15,0.0
2025-01-13 15:00:00,16.06,0.0
2025-01-13 15:30:00,16.12,0.0
2025-01-13 16:00:00,16.07,0.0
2025-01-13 16:30:00,16.03,0.0
2025-01-13 17:00:00,16.11,0.0
2025-01-13 17:30:00,16.13,0.0
2025-01-13 18:00:00,16.14,0.0
2025-01-13 18:30:00,16.18,0.0
2025-01-13 19:00:00,16.13,0.0
2025-01-13 19:30:00,16.16,0.0
2025-01-13 20:00:00,16.16,0.0
2025-01-13 20:30:00,16.245,0.0
2025-01-14 14:30:00,16.36,0.0
2025-01-14 15:00:00,16.43,0.0
2025-01-14 15:30:00,16.37,0.0
2025-01-14 16:00:00,16.35,0.0
2025-01-14 16:30:00,16.27,0.0
2025-01-14 17:00:00,16.28,0.0
2025-01-14 17:30:00,16.28,0.0
2025-01-14 18:00:00,16.335,0.0
2025-01-14 18:30:00,16.395,0.0
2025-01-14 19:00:00,16.39,0.0
2025-01-14 19:30:00,16.28,0.0
2025-01-14 20:00:00,16.27,0.0
2025-01-14 20:30:00,16.31,0.0
2025-01-15 14:30:00,16.62,0.0
2025-01-15 15:00:00,16.67,0.0
2025-01-15 15:30:00,16.63,0.0
2025-01-15 16:00:00,16.615,0.0
2025-01-15 16:30:00,16.58,0.0
2025-01-15 17:00:00,16.62,0.0
2025-01-15 17:30:00,16.61,0.0
2025-01-15 18:00:00,16.65,0.0
2025-01-15 18:30:00,16.67,0.0
2025-01-15 19:00:00,16.665,0.0
2025-01-15 19:30:00,16.69,0.0
2025-01-15 20:00:00,16.73,0.0
2025-01-15 20:30:00,16.65,0.0
2025-01-16 14:30:00,16.53,0.11
2025-01-16 15:00:00,16.56,0.0
2025-01-16 15:30:00,16.54,0.0
2025-01-16 16:00:00,16.57,0.0
2025-01-16 16:30:00,16.56,0.0
2025-01-16 17:00:00,16.56,0.0
2025-01-16 18:00:00,16.57,0.0
2025-01-16 18:30:00,16.535,0.0
2025-01-16 19:00:00,16.58,0.0
2025-01-16 19:30:00,16.57,0.0
2025-01-16 20:00:00,16.57,0.0
2025-01-16 20:30:00,16.52,0.0
2025-01-17 14:30:00,16.73,0.0
2025-01-17 15:00:00,16.7,0.0
2025-01-17 15:30:00,16.73,0.0
2025-01-17 16:00:00,16.77,0.0
2025-01-17 16:30:00,16.76,0.0
2025-01-17 17:00:00,16.78,0.0
2025-01-17 17:30:00,16.76,0.0
2025-01-17 18:00:00,16.79,0.0
2025-01-17 18:30:00,16.785,0.0
2025-01-17 19:00:00,16.785,0.0
2025-01-17 19:30:00,16.775,0.0
2025-01-17 20:00:00,16.755,0.0
2025-01-17 20:30:00,16.735,0.0
2025-01-21 14:30:00,16.85,0.0
2025-01-21 15:00:00,16.795,0.0
2025-01-21 15:30:00,16.825,0.0
2025-01-21 16:00:00,16.85,0.0
2025-01-21 16:30:00,16.87,0.0
2025-01-21 17:00:00,16.87,0.0
2025-01-21 17:30:00,16.92,0.0
2025-01-21 18:00:00,16.93,0.0
2025-01-21 18:30:00,16.945,0.0
2025-01-21 19:00:00,16.935,0.0
2025-01-21 19:30:00,16.935,0.0
2025-01-21 20:00:00,16.915,0.0
2025-01-21 20:30:00,16.89,0.0
2025-01-22 14:30:00,17.03,0.0
2025-01-22 15:00:00,17.055,0.0
2025-01-22 15:30:00,17.01,0.0
2025-01-22 16:00:00,17.025,0.0
2025-01-22 16:30:00,17.025,0.0
2025-01-22 17:00:00,17.065,0.0
2025-01-22 17:30:00,17.065,0.0
2025-01-22 18:00:00,17.055,0.0
2025-01-22 18:30:00,17.04,0.0
2025-01-22 19:00:00,17.06,0.0
2025-01-22 19:30:00,17.045,0.0
2025-01-22 20:00:00,17.025,0.0
2025-01-22 20:30:00,17.02,0.0
2025-01-23 14:30:00,16.84,0.17
2025-01-23 15:00:00,16.855,0.0
2025-01-23 15:30:00,16.87,0.0
2025-01-23 16:00:00,16.87,0.0
2025-01-23 16:30:00,16.885,0.0
2025-01-23 17:00:00,16.88,0.0
2025-01-23 17:30:00,16.87,0.0
2025-01-23 18:00:00,16.93,0.0
2025-01-23 18:30:00,16.915,0.0
2025-01-23 19:00:00,16.9,0.0
2025-01-23 19:30:00,16.905,0.0
2025-01-23 20:00:00,16.965,0.0
2025-01-23 20:30:00,16.96,0.0
2025-01-24 14:30:00,17.025,0.0
2025-01-24 15:00:00,17.025,0.0
2025-01-24 15:30:00,17.04,0.0
2025-01-24 16:00:00,17.075,0.0
2025-01-24 16:30:00,17.05,0.0
2025-01-24 17:00:00,17.06,0.0
2025-01-24 17:30:00,17.03,0.0
2025-01-24 18:00:00,17.01,0.0
2025-01-24 18:30:00,16.95,0.0
2025-01-24 19:00:00,16.93,0.0
2025-01-24 19:30:00,16.9,0.0
2025-01-24 20:00:00,16.865,0.0
2025-01-24 20:30:00,16.87,0.0
2025-01-27 14:30:00,16.55,0.0
2025-01-27 15:00:00,16.6,0.0
2025-01-27 15:30:00,16.535,0.0
2025-01-27 16:00:00,16.4,0.0
2025-01-27 16:30:00,16.395,0.0
2025-01-27 17:00:00,16.37,0.0
2025-01-27 17:30:00,16.28,0.0
2025-01-27 18:00:00,16.25,0.0
2025-01-27 18:30:00,16.25,0.0
2025-01-27 19:00:00,16.355,0.0
2025-01-27 19:30:00,16.24,0.0
2025-01-27 20:00:00,16.32,0.0
2025-01-27 20:30:00,16.42,0.0
2025-01-28 14:30:00,16.43,0.0
2025-01-28 15:00:00,16.555,0.0
2025-01-28 15:30:00,16.59,0.0
2025-01-28 16:00:00,16.53,0.0
2025-01-28 16:30:00,16.55,0.0
2025-01-28 17:00:00,16.645,0.0
2025-01-28 17:30:00,16.635,0.0
2025-01-28 18:00:00,16.645,0.0
2025-01-28 18:30:00,16.625,0.0
2025-01-28 19:00:00,16.645,0.0
2025-01-28 20:00:00,16.715,0.0
2025-01-28 20:30:00,16.71,0.0
2025-01-29 14:30:00,16.68,0.0
2025-01-29 15:00:00,16.69,0.0
2025-01-29 15:30:00,16.715,0.0
2025-01-29 16:00:00,16.69,0.0
2025-01-29 16:30:00,16.665,0.0
2025-01-29 17:00:00,16.72,0.0
2025-01-29 17:30:00,16.66,0.0
2025-01-29 18:00:00,16.65,0.0
2025-01-29 18:30:00,16.645,0.0
2025-01-29 19:00:00,16.59,0.0
2025-01-29 19:30:00,16.68,0.0
2025-01-29 20:00:00,16.71,0.0
2025-01-29 20:30:00,16.69,0.0
2025-01-30 14:30:00,16.7,0.15
2025-01-30 15:00:00,16.62,0.0
2025-01-30 15:30:00,16.63,0.0
2025-01-30 16:00:00,16.665,0.0
2025-01-30 16:30:00,16.67,0.0
2025-01-30 17:00:00,16.65,0.0
2025-01-30 17:30:00,16.65,0.0
2025-01-30 18:00:00,16.66,0.0
2025-01-30 18:30:00,16.72,0.0
2025-01-30 19:00:00,16.725,0.0
2025-01-30 19:30:00,16.78,0.0
2025-01-30 20:00:00,16.79,0.0
2025-01-30 20:30:00,16.71,0.0
2025-01-31 14:30:00,16.8,0.0
2025-01-31 15:00:00,16.85,0.0
2025-01-31 15:30:00,16.885,0.0
2025-01-31 16:00:00,16.87,0.0
2025-01-31 16:30:00,16.88,0.0
2025-01-31 17:00:00,16.87,0.0
2025-01-31 17:30:00,16.865,0.0
2025-01-31 18:00:00,16.79,0.0
2025-01-31 18:30:00,16.71,0.0
2025-01-31 19:00:00,16.69,0.0
2025-01-31 19:30:00,16.67,0.0
2025-01-31 20:00:00,16.56,0.0
2025-01-31 20:30:00,16.6,0.0
2025-02-03 14:30:00,16.26,0.0
2025-02-03 15:00:00,16.38,0.0
2025-02-03 15:30:00,16.445,0.0
2025-02-03 16:00:00,16.425,0.0
2025-02-03 16:30:00,16.38,0.0
2025-02-03 17:00:00,16.38,0.0
2025-02-03 17:30:00,16.35,0.0
2025-02-03 18:00:00,16.39,0.0
2025-02-03 18:30:00,16.42,0.0
2025-02-03 19:00:00,16.49,0.0
2025-02-03 19:30:00,16.51,0.0
2025-02-03 20:00:00,16.49,0.0
2025-02-03 20:30:00,16.425,0.0
2025-02-04 14:30:00,16.68,0.0
2025-02-04 15:00:00,16.66,0.0
2025-02-04 15:30:00,16.68,0.0
2025-02-04 16:00:00,16.695,0.0
2025-02-04 16:30:00,16.69,0.0
2025-02-04 17:00:00,16.6,0.0
2025-02-04 17:30:00,16.615,0.0
2025-02-04 18:00:00,16.615,0.0
2025-02-04 18:30:00,16.655,0.0
2025-02-04 19:00:00,16.675,0.0
2025-02-04 19:30:00,16.62,0.0
2025-02-04 20:00:00,16.625,0.0
2025-02-04 20:30:00,16.67,0.0
2025-02-05 14:30:00,16.585,0.0
2025-02-05 15:00:00,16.6,0.0
2025-02-05 15:30:00,16.585,0.0
2025-02-05 16:00:00,16.575,0.0
2025-02-05 16:30:00,16.635,0.0
2025-02-05 17:00:00,16.62,0.0
2025-02-05 17:30:00,16.615,0.0
2025-02-05 18:00:00,16.58,0.0
2025-02-05 18:30:00,16.585,0.0
2025-02-05 19:00:00,16.585,0.0
2025-02-05 19:30:00,16.585,0.0
2025-02-05 20:00:00,16.6,0.0
2025-02-05 20:30:00,16.59,0.0
2025-02-06 14:30:00,16.45,0.19
2025-02-06 15:00:00,16.475,0.0
2025-02-06 15:30:00,16.45,0.0
2025-02-06 16:00:00,16.46,0.0
2025-02-06 16:30:00,16.44,0.0
2025-02-06 17:00:00,16.46,0.0
2025-02-06 17:30:00,16.46,0.0
2025-02-06 18:00:00,16.45,0.0
2025-02-06 18:30:00,16.45,0.0
2025-02-06 19:00:00,16.425,0.0
2025-02-06 19:30:00,16.38,0.0
2025-02-06 20:00:00,16.425,0.0
2025-02-06 20:30:00,16.485,0.0
2025-02-07 14:30:00,16.64,0.0
2025-02-07 15:00:00,16.59,0.0
2025-02-07 15:30:00,16.55,0.0
2025-02-07 16:00:00,16.53,0.0
2025-02-07 16:30:00,16.505,0.0
2025-02-07 17:00:00,16.5,0.0
2025-02-07 17:30:00,16.555,0.0
2025-02-07 18:00:00,16.57,0.0
2025-02-07 18:30:00,16.51,0.0
2025-02-07 19:00:00,16.455,0.0
2025-02-07 19:30:00,16.475,0.0
2025-02-07 20:00:00,16.43,0.0
2025-02-07 20:30:00,16.43,0.0
2025-02-10 14:30:00,16.555,0.0
2025-02-10 15:00:00,16.6,0.0
2025-02-10 15:30:00,16.62,0.0
2025-02-10 16:00:00,16.64,0.0
2025-02-10 16:30:00,16.66,0.0
2025-02-10 17:00:00,16.645,0.0
2025-02-10 17:30:00,16.66,0.0
2025-02-10 18:00:00,16.66,0.0
2025-02-10 18:30:00,16.65,0.0
2025-02-10 19:00:00,16.655,0.0
2025-02-10 19:30:00,16.65,0.0
2025-02-10 20:00:00,16.665,0.0
2025-02-10 20:30:00,16.66,0.0
2025-02-11 14:30:00,16.61,0.0
2025-02-11 15:00:00,16.575,0.0
2025-02-11 15:30:00,16.59,0.0
2025-02-11 16:00:00,16.55,0.0
2025-02-11 16:30:00,16.49,0.0
2025-02-11 17:00:00,16.48,0.0
2025-02-11 17:30:00,16.455,0.0
2025-02-11 18:00:00,16.43,0.0
2025-02-11 18:30:00,16.46,0.0
2025-02-11 19:00:00,16.445,0.0
2025-02-11 19:30:00,16.47,0.0
2025-02-11 20:00:00,16.45,0.0
2025-02-11 20:30:00,16.4,0.0
2025-02-12 14:30:00,16.475,0.0
2025-02-12 15:00:00,16.475,0.0
2025-02-12 15:30:00,16.48,0.0
2025-02-12 16:00:00,16.45,0.0
2025-02-12 16:30:00,16.53,0.0
2025-02-12 17:00:00,16.57,0.0
2025-02-12 17:30:00,16.585,0.0
2025-02-12 18:00:00,16.58,0.0
2025-02-12 18:30:00,16.57,0.0
2025-02-12 19:00:00,16.55,0.0
2025-02-12 19:30:00,16.6,0.0
2025-02-12 20:00:00,16.61,0.0
2025-02-12 20:30:00,16.59,0.0
2025-02-13 14:30:00,16.45,0.15
2025-02-13 15:00:00,16.495,0.0
2025-02-13 15:30:00,16.53,0.0
2025-02-13 16:00:00,16.525,0.0
2025-02-13 16:30:00,16.49,0.0
2025-02-13 17:00:00,16.525,0.0
2025-02-13 17:30:00,16.51,0.0
2025-02-13 18:00:00,16.5,0.0
2025-02-13 18:30:00,16.54,0.0
2025-02-13 19:00:00,16.57,0.0
2025-02-13 19:30:00,16.57,0.0
2025-02-13 20:00:00,16.615,0.0
2025-02-13 20:30:00,16.635,0.0
2025-02-14 14:30:00,16.75,0.0
2025-02-14 15:00:00,16.73,0.0
2025-02-14 15:30:00,16.71,0.0
2025-02-14 16:00:00,16.73,0.0
2025-02-14 16:30:00,16.73,0.0
2025-02-14 17:00:00,16.715,0.0
2025-02-14 17:30:00,16.76,0.0
2025-02-14 18:00:00,16.76,0.0
2025-02-14 18:30:00,16.77,0.0
2025-02-14 19:00:00,16.77,0.0
2025-02-14 19:30:00,16.78,0.0
2025-02-14 20:00:00,16.79,0.0
2025-02-14 20:30:00,16.775,0.0
2025-02-18 14:30:00,16.91,0.0
2025-02-18 15:00:00,16.875,0.0
2025-02-18 15:30:00,16.895,0.0
2025-02-18 16:00:00,16.9,0.0
2025-02-18 16:30:00,16.885,0.0
2025-02-18 17:00:00,16.87,0.0
2025-02-18 17:30:00,16.86,0.0
2025-02-18 18:00:00,16.83,0.0
2025-02-18 18:30:00,16.825,0.0
2025-02-18 19:00:00,16.815,0.0
2025-02-18 19:30:00,16.845,0.0
2025-02-18 20:00:00,16.865,0.0
2025-02-18 20:30:00,16.91,0.0
2025-02-19 14:30:00,16.9,0.0
2025-02-19 15:00:00,16.92,0.0
2025-02-19 15:30:00,16.915,0.0
2025-02-19 16:00:00,16.945,0.0
2025-02-19 16:30:00,16.955,0.0
2025-02-19 17:00:00,16.975,0.0
2025-02-19 17:30:00,16.995,0.0
2025-02-19 18:00:00,16.98,0.0
2025-02-19 18:30:00,16.99,0.0
2025-02-19 19:00:00,17.01,0.0
2025-02-19 19:30:00,17.03,0.0
2025-02-19 20:00:00,16.795,0.0
2025-02-19 20:30:00,16.84,0.0
2025-02-20 14:30:00,16.37,0.0
2025-02-20 15:00:00,16.45,0.0
2025-02-20 15:30:00,16.35,0.0
2025-02-20 16:00:00,16.41,0.0
2025-02-20 16:30:00,16.43,0.0
2025-02-20 17:00:00,16.445,0.0
2025-02-20 17:30:00,16.46,0.0
2025-02-20 18:00:00,16.46,0.0
2025-02-20 18:30:00,16.5,0.0
2025-02-20 19:00:00,16.52,0.0
2025-02-20 19:30:00,16.54,0.0
2025-02-20 20:00:00,16.55,0.0
2025-02-20 20:30:00,16.545,0.0
2025-02-21 14:30:00,16.51,0.0
2025-02-21 15:00:00,16.405,0.0
2025-02-21 15:30:00,16.405,0.0
2025-02-21 16:00:00,16.395,0.0
2025-02-21 16:30:00,16.375,0.0
2025-02-21 17:00:00,16.305,0.0
2025-02-21 17:30:00,16.215,0.0
2025-02-21 18:00:00,16.155,0.0
2025-02-21 18:30:00,16.145,0.0
2025-02-21 19:00:00,16.065,0.0
2025-02-21 19:30:00,16.045,0.0
2025-02-21 20:00:00,16.085,0.0
2025-02-21 20:30:00,16.06,0.0
2025-02-24 14:30:00,15.71,0.0
2025-02-24 15:00:00,15.62,0.0
2025-02-24 15:30:00,15.595,0.0
2025-02-24 16:00:00,15.77,0.0
2025-02-24 16:30:00,15.75,0.0
2025-02-24 17:00:00,15.81,0.0
2025-02-24 17:30:00,15.805,0.0
2025-02-24 18:00:00,15.85,0.0
2025-02-24 18:30:00,15.81,0.0
2025-02-24 19:00:00,15.75,0.0
2025-02-24 19:30:00,15.725,0.0
2025-02-24 20:00:00,15.7,0.0
2025-02-24 20:30:00,15.64,0.0
2025-02-25 14:30:00,15.3,0.0
2025-02-25 15:00:00,15.07,0.0
2025-02-25 15:30:00,15.17,0.0
2025-02-25 16:00:00,15.04,0.0
2025-02-25 16:30:00,15.12,0.0
2025-02-25 17:00:00,15.13,0.0
2025-02-25 17:30:00,15.2,0.0
2025-02-25 18:00:00,15.155,0.0
2025-02-25 18:30:00,15.18,0.0
2025-02-25 19:00:00,15.13,0.0
2025-02-25 19:30:00,15.18,0.0
2025-02-25 20:00:00,15.24,0.0
2025-02-25 20:30:00,15.14,0.0
2025-02-26 14:30:00,15.37,0.0
2025-02-26 15:00:00,15.35,0.0
2025-02-26 15:30:00,15.39,0.0
2025-02-26 16:00:00,15.43,0.0
2025-02-26 16:30:00,15.39,0.0
2025-02-26 17:00:00,15.42,0.0
2025-02-26 17:30:00,15.33,0.0
2025-02-26 18:00:00,15.3,0.0
2025-02-26 18:30:00,15.21,0.0
2025-02-26 19:00:00,15.24,0.0
2025-02-26 19:30:00,15.23,0.0
2025-02-26 20:00:00,15.22,0.0
2025-02-26 20:30:00,15.305,0.0
2025-02-27 14:30:00,15.0,0.0
2025-02-27 15:00:00,15.14,0.0
2025-02-27 15:30:00,15.1,0.0
2025-02-27 16:00:00,15.15,0.0
2025-02-27 16:30:00,15.1,0.0
2025-02-27 17:00:00,15.08,0.0
2025-02-27 17:30:00,15.1,0.0
2025-02-27 18:00:00,15.14,0.0
2025-02-27 18:30:00,15.15,0.0
2025-02-27 19:00:00,15.01,0.0
2025-02-27 19:30:00,14.95,0.0
2025-02-27 20:00:00,14.83,0.0
2025-02-27 20:30:00,14.79,0.0
2025-02-28 14:30:00,14.7,0.0
2025-02-28 15:00:00,14.91,0.0
2025-02-28 15:30:00,14.9,0.0
2025-02-28 16:00:00,14.81,0.0
2025-02-28 16:30:00,14.87,0.0
2025-02-28 17:00:00,14.84,0.0
2025-02-28 17:30:00,14.72,0.0
2025-02-28 18:00:00,14.68,0.0
2025-02-28 18:30:00,14.74,0.0
2025-02-28 19:00:00,14.75,0.0
2025-02-28 19:30:00,14.825,0.0
2025-02-28 20:00:00,14.825,0.0
2025-02-28 20:30:00,14.92,0.0
2025-03-03 14:30:00,15.2,0.0
2025-03-03 20:00:00,14.6,0.0
